date,time,season,home_team_raw,away_team_raw,home_team,away_team,home_goals,away_goals,result,home_pts,away_pts,odds_h,odds_d,odds_a,odds_source,prob_h,prob_d,prob_a,home_vpts,away_vpts,market_margin
2025-02-22,21:45,2025,Los Angeles FC,Minnesota United,LAFC,Minnesota United FC,1,0,H,3,0,1.79,3.78,4.33,AvgCH,0.53,0.251,0.2191,1.841,0.908,5.4
2025-02-23,00:30,2025,Atlanta Utd,CF Montreal,Atlanta United FC,CF Montréal,3,2,H,3,0,1.48,4.53,6.38,AvgCH,0.6416,0.2096,0.1488,2.134,0.656,5.3
2025-02-23,00:30,2025,Columbus Crew,Chicago Fire,Columbus Crew,Chicago Fire FC,4,2,H,3,0,1.56,4.33,5.51,AvgCH,0.6085,0.2192,0.1723,2.045,0.736,5.3
2025-02-23,00:30,2025,DC United,Toronto FC,D.C. United,Toronto FC,2,2,D,1,1,1.91,3.6,3.97,AvgCH,0.4971,0.2637,0.2392,1.755,0.981,5.3
2025-02-23,00:30,2025,FC Cincinnati,New York Red Bulls,FC Cincinnati,New York Red Bulls,1,0,H,3,0,1.94,3.54,3.95,AvgCH,0.4904,0.2687,0.2409,1.74,0.991,5.1
2025-02-23,00:30,2025,Inter Miami,New York City,Inter Miami CF,New York City FC,2,2,D,1,1,1.5,4.64,5.88,AvgCH,0.6336,0.2048,0.1616,2.106,0.69,5.2
2025-02-23,00:30,2025,Orlando City,Philadelphia Union,Orlando City SC,Philadelphia Union,2,4,A,0,3,1.57,4.3,5.43,AvgCH,0.6045,0.2207,0.1748,2.034,0.745,5.4
2025-02-23,01:30,2025,Austin FC,Sporting Kansas City,Austin FC,Sporting Kansas City,1,0,H,3,0,1.75,3.9,4.49,AvgCH,0.5439,0.2441,0.212,1.876,0.88,5.1
2025-02-23,01:30,2025,Houston Dynamo,FC Dallas,Houston Dynamo FC,FC Dallas,1,2,A,0,3,2.03,3.47,3.68,AvgCH,0.468,0.2738,0.2582,1.678,1.048,5.3
2025-02-23,01:30,2025,Nashville SC,New England Revolution,Nashville SC,New England Revolution,0,0,D,1,1,2.03,3.5,3.65,AvgCH,0.4681,0.2715,0.2604,1.676,1.053,5.2
2025-02-23,01:30,2025,St. Louis City,Colorado Rapids,St. Louis City SC,Colorado Rapids,0,0,D,1,1,1.95,3.86,3.59,AvgCH,0.4882,0.2466,0.2652,1.711,1.042,5.0
2025-02-23,03:30,2025,San Jose Earthquakes,Real Salt Lake,San Jose Earthquakes,Real Salt Lake,4,0,H,3,0,2.19,3.64,3.12,AvgCH,0.4341,0.2612,0.3047,1.564,1.175,5.2
2025-02-23,03:30,2025,Seattle Sounders,Charlotte,Seattle Sounders FC,Charlotte FC,2,2,D,1,1,1.67,3.79,5.29,AvgCH,0.5694,0.2509,0.1797,1.959,0.79,5.2
2025-02-23,21:00,2025,Portland Timbers,Vancouver Whitecaps,Portland Timbers,Vancouver Whitecaps FC,1,4,A,0,3,2.65,3.36,2.65,AvgCH,0.3586,0.2828,0.3586,1.359,1.359,5.2
2025-02-24,00:00,2025,Los Angeles Galaxy,San Diego FC,LA Galaxy,San Diego FC,0,2,A,0,3,1.55,4.65,5.07,AvgCH,0.6101,0.2034,0.1865,2.034,0.763,5.7
2025-03-01,19:15,2025,Charlotte,Atlanta Utd,Charlotte FC,Atlanta United FC,2,0,H,3,0,2.05,3.73,3.37,AvgCH,0.4634,0.2547,0.2819,1.645,1.1,5.3
2025-03-01,21:30,2025,Real Salt Lake,Seattle Sounders,Real Salt Lake,Seattle Sounders FC,2,0,H,3,0,2.57,3.12,2.9,AvgCH,0.369,0.304,0.327,1.411,1.285,5.4
2025-03-02,00:30,2025,New England Revolution,Columbus Crew,New England Revolution,Columbus Crew,0,1,A,0,3,2.83,3.58,2.39,AvgCH,0.3362,0.2658,0.3981,1.274,1.46,5.1
2025-03-02,00:30,2025,New York Red Bulls,Nashville SC,New York Red Bulls,Nashville SC,2,0,H,3,0,1.78,3.5,4.86,AvgCH,0.5334,0.2713,0.1954,1.872,0.857,5.3
2025-03-02,00:30,2025,Orlando City,Toronto FC,Orlando City SC,Toronto FC,4,2,H,3,0,1.69,3.82,4.99,AvgCH,0.5615,0.2484,0.1902,1.933,0.819,5.4
2025-03-02,00:30,2025,Philadelphia Union,FC Cincinnati,Philadelphia Union,FC Cincinnati,4,1,H,3,0,2.67,3.51,2.54,AvgCH,0.3556,0.2705,0.3738,1.337,1.392,5.3
2025-03-02,01:30,2025,Chicago Fire,DC United,Chicago Fire FC,D.C. United,2,2,D,1,1,2.17,3.56,3.22,AvgCH,0.4379,0.2669,0.2951,1.581,1.152,5.2
2025-03-02,01:30,2025,Minnesota United,CF Montreal,Minnesota United FC,CF Montréal,1,0,H,3,0,1.43,4.64,7.11,AvgCH,0.6626,0.2042,0.1333,2.192,0.604,5.5
2025-03-02,01:30,2025,Sporting Kansas City,San Jose Earthquakes,Sporting Kansas City,San Jose Earthquakes,1,2,A,0,3,1.96,3.65,3.72,AvgCH,0.4845,0.2602,0.2553,1.714,1.026,5.3
2025-03-02,02:30,2025,Colorado Rapids,FC Dallas,Colorado Rapids,FC Dallas,3,3,D,1,1,2.1,3.47,3.49,AvgCH,0.4531,0.2742,0.2727,1.634,1.092,5.1
2025-03-02,03:30,2025,Los Angeles FC,New York City,LAFC,New York City FC,1,0,H,3,0,1.7,3.84,4.93,AvgCH,0.5594,0.2477,0.1929,1.926,0.826,5.1
2025-03-02,03:30,2025,Portland Timbers,Austin FC,Portland Timbers,Austin FC,1,0,H,3,0,2.77,3.54,2.44,AvgCH,0.3427,0.2682,0.3891,1.296,1.436,5.3
2025-03-02,03:30,2025,San Diego FC,St. Louis City,San Diego FC,St. Louis City SC,0,0,D,1,1,2.02,3.69,3.48,AvgCH,0.47,0.2573,0.2728,1.667,1.076,5.3
2025-03-02,22:00,2025,Vancouver Whitecaps,Los Angeles Galaxy,Vancouver Whitecaps FC,LA Galaxy,2,1,H,3,0,1.62,4.27,4.92,AvgCH,0.5853,0.222,0.1927,1.978,0.8,5.5
2025-03-03,00:00,2025,Houston Dynamo,Inter Miami,Houston Dynamo FC,Inter Miami CF,1,4,A,0,3,2.42,3.49,2.84,AvgCH,0.3928,0.2724,0.3347,1.451,1.276,5.2
2025-03-08,19:30,2025,Columbus Crew,Houston Dynamo,Columbus Crew,Houston Dynamo FC,0,0,D,1,1,1.67,3.99,4.88,AvgCH,0.5679,0.2377,0.1944,1.941,0.821,5.4
2025-03-08,21:45,2025,Seattle Sounders,Los Angeles FC,Seattle Sounders FC,LAFC,5,2,H,3,0,2.01,3.33,3.91,AvgCH,0.4722,0.285,0.2428,1.702,1.013,5.4
2025-03-09,00:30,2025,Atlanta Utd,New York Red Bulls,Atlanta United FC,New York Red Bulls,0,0,D,1,1,1.92,3.74,3.79,AvgCH,0.4951,0.2541,0.2508,1.739,1.006,5.2
2025-03-09,00:30,2025,DC United,Sporting Kansas City,D.C. United,Sporting Kansas City,2,1,H,3,0,1.92,3.88,3.64,AvgCH,0.4945,0.2447,0.2608,1.728,1.027,5.3
2025-03-09,00:30,2025,FC Cincinnati,Toronto FC,FC Cincinnati,Toronto FC,2,0,H,3,0,1.62,4.03,5.3,AvgCH,0.5856,0.2354,0.179,1.992,0.772,5.4
2025-03-09,00:30,2025,New England Revolution,Philadelphia Union,New England Revolution,Philadelphia Union,0,2,A,0,3,2.48,3.54,2.72,AvgCH,0.3828,0.2682,0.349,1.417,1.315,5.3
2025-03-09,00:30,2025,New York City,Orlando City,New York City FC,Orlando City SC,2,1,H,3,0,2.4,3.45,2.88,AvgCH,0.3954,0.2751,0.3295,1.461,1.264,5.4
2025-03-09,01:30,2025,Austin FC,Colorado Rapids,Austin FC,Colorado Rapids,0,1,A,0,3,1.72,3.89,4.64,AvgCH,0.5516,0.2439,0.2045,1.899,0.857,5.4
2025-03-09,01:30,2025,FC Dallas,Chicago Fire,FC Dallas,Chicago Fire FC,1,3,A,0,3,1.61,4.34,4.95,AvgCH,0.5895,0.2187,0.1918,1.987,0.794,5.4
2025-03-09,01:30,2025,Nashville SC,Portland Timbers,Nashville SC,Portland Timbers,2,0,H,3,0,1.67,3.95,4.96,AvgCH,0.5684,0.2403,0.1914,1.946,0.814,5.4
2025-03-09,02:30,2025,Real Salt Lake,San Diego FC,Real Salt Lake,San Diego FC,1,3,A,0,3,1.77,3.77,4.5,AvgCH,0.5368,0.252,0.2111,1.862,0.885,5.2
2025-03-09,02:30,2025,Vancouver Whitecaps,CF Montreal,Vancouver Whitecaps FC,CF Montréal,2,0,H,3,0,1.36,5.13,7.94,AvgCH,0.6962,0.1846,0.1192,2.273,0.542,5.6
2025-03-09,03:30,2025,San Jose Earthquakes,Minnesota United,San Jose Earthquakes,Minnesota United FC,0,1,A,0,3,2.41,3.51,2.84,AvgCH,0.3944,0.2708,0.3347,1.454,1.275,5.2
2025-03-09,20:00,2025,Inter Miami,Charlotte,Inter Miami CF,Charlotte FC,1,0,H,3,0,1.64,4.17,4.83,AvgCH,0.5771,0.227,0.1959,1.958,0.815,5.7
2025-03-09,23:00,2025,Los Angeles Galaxy,St. Louis City,LA Galaxy,St. Louis City SC,0,3,A,0,3,2.15,3.58,3.23,AvgCH,0.4413,0.265,0.2937,1.589,1.146,5.4
2025-03-15,18:30,2025,New York Red Bulls,Orlando City,New York Red Bulls,Orlando City SC,2,2,D,1,1,2.05,3.3,3.82,AvgCH,0.4634,0.2879,0.2487,1.678,1.034,5.3
2025-03-15,18:30,2025,Toronto FC,Chicago Fire,Toronto FC,Chicago Fire FC,1,2,A,0,3,2.18,3.67,3.11,AvgCH,0.4357,0.2588,0.3054,1.566,1.175,5.3
2025-03-15,19:45,2025,Los Angeles FC,Austin FC,LAFC,Austin FC,0,1,A,0,3,1.77,3.59,4.73,AvgCH,0.5355,0.264,0.2004,1.87,0.865,5.5
2025-03-15,23:30,2025,DC United,CF Montreal,D.C. United,CF Montréal,0,0,D,1,1,1.47,4.53,6.47,AvgCH,0.6445,0.2091,0.1464,2.143,0.648,5.6
2025-03-15,23:40,2025,Charlotte,FC Cincinnati,Charlotte FC,FC Cincinnati,2,0,H,3,0,2.21,3.45,3.18,AvgCH,0.4282,0.2743,0.2976,1.559,1.167,5.7
2025-03-15,23:40,2025,New York City,New England Revolution,New York City FC,New England Revolution,2,1,H,3,0,1.69,3.91,4.89,AvgCH,0.5625,0.2431,0.1944,1.931,0.826,5.2
2025-03-16,00:15,2025,Sporting Kansas City,Minnesota United,Sporting Kansas City,Minnesota United FC,3,3,D,1,1,2.44,3.37,2.86,AvgCH,0.388,0.2809,0.331,1.445,1.274,5.6
2025-03-16,00:30,2025,FC Dallas,Vancouver Whitecaps,FC Dallas,Vancouver Whitecaps FC,0,1,A,0,3,2.31,3.55,2.96,AvgCH,0.4113,0.2677,0.321,1.502,1.231,5.2
2025-03-16,00:30,2025,Houston Dynamo,Real Salt Lake,Houston Dynamo FC,Real Salt Lake,1,2,A,0,3,2.01,3.57,3.59,AvgCH,0.4711,0.2652,0.2637,1.678,1.056,5.6
2025-03-16,00:30,2025,St. Louis City,Seattle Sounders,St. Louis City SC,Seattle Sounders FC,1,0,H,3,0,2.29,3.45,3.07,AvgCH,0.415,0.2755,0.3096,1.52,1.204,5.2
2025-03-16,02:30,2025,San Diego FC,Columbus Crew,San Diego FC,Columbus Crew,1,1,D,1,1,2.34,3.47,2.95,AvgCH,0.4053,0.2733,0.3215,1.489,1.238,5.5
2025-03-16,02:30,2025,San Jose Earthquakes,Colorado Rapids,San Jose Earthquakes,Colorado Rapids,1,2,A,0,3,2.03,3.57,3.54,AvgCH,0.4668,0.2655,0.2677,1.666,1.069,5.5
2025-03-16,18:25,2025,Philadelphia Union,Nashville SC,Philadelphia Union,Nashville SC,1,3,A,0,3,1.91,3.69,3.85,AvgCH,0.4966,0.257,0.2464,1.747,0.996,5.4
2025-03-16,20:45,2025,Portland Timbers,Los Angeles Galaxy,Portland Timbers,LA Galaxy,1,1,D,1,1,2.05,3.87,3.23,AvgCH,0.462,0.2447,0.2932,1.631,1.124,5.6
2025-03-16,23:00,2025,Atlanta Utd,Inter Miami,Atlanta United FC,Inter Miami CF,1,2,A,0,3,2.69,3.97,2.33,AvgCH,0.3531,0.2393,0.4077,1.299,1.462,5.3
2025-03-22,18:30,2025,FC Cincinnati,Atlanta Utd,FC Cincinnati,Atlanta United FC,2,2,D,1,1,1.8,3.89,4.16,AvgCH,0.5276,0.2441,0.2283,1.827,0.929,5.3
2025-03-22,20:30,2025,Minnesota United,Los Angeles Galaxy,Minnesota United FC,LA Galaxy,2,2,D,1,1,1.96,3.73,3.63,AvgCH,0.4842,0.2544,0.2614,1.707,1.039,5.4
2025-03-22,23:30,2025,Charlotte,San Jose Earthquakes,Charlotte FC,San Jose Earthquakes,4,1,H,3,0,1.63,4.1,5.14,AvgCH,0.5832,0.2319,0.1849,1.982,0.787,5.2
2025-03-22,23:30,2025,Columbus Crew,New York City,Columbus Crew,New York City FC,0,0,D,1,1,2.27,3.42,3.14,AvgCH,0.419,0.2781,0.3029,1.535,1.187,5.1
2025-03-22,23:30,2025,New York Red Bulls,Toronto FC,New York Red Bulls,Toronto FC,2,1,H,3,0,1.7,3.56,5.48,AvgCH,0.5594,0.2671,0.1735,1.945,0.788,5.2
2025-03-22,23:30,2025,Orlando City,DC United,Orlando City SC,D.C. United,4,1,H,3,0,1.84,3.97,3.91,AvgCH,0.517,0.2396,0.2433,1.791,0.97,5.1
2025-03-22,23:30,2025,Philadelphia Union,St. Louis City,Philadelphia Union,St. Louis City SC,1,0,H,3,0,2.24,3.59,3.07,AvgCH,0.4249,0.2651,0.31,1.54,1.195,5.1
2025-03-23,00:30,2025,Nashville SC,CF Montreal,Nashville SC,CF Montréal,3,0,H,3,0,1.59,4.12,5.66,AvgCH,0.5999,0.2315,0.1685,2.031,0.737,4.8
2025-03-23,00:30,2025,Sporting Kansas City,Los Angeles FC,Sporting Kansas City,LAFC,0,2,A,0,3,2.85,3.32,2.5,AvgCH,0.3335,0.2863,0.3802,1.287,1.427,5.2
2025-03-23,01:30,2025,Colorado Rapids,Portland Timbers,Colorado Rapids,Portland Timbers,0,3,A,0,3,1.76,4.0,4.32,AvgCH,0.5413,0.2382,0.2205,1.862,0.9,5.0
2025-03-23,01:30,2025,Real Salt Lake,FC Dallas,Real Salt Lake,FC Dallas,0,1,A,0,3,1.94,3.62,3.85,AvgCH,0.4902,0.2627,0.247,1.733,1.004,5.1
2025-03-23,02:30,2025,Seattle Sounders,Houston Dynamo,Seattle Sounders FC,Houston Dynamo FC,0,0,D,1,1,1.76,3.67,4.7,AvgCH,0.5394,0.2587,0.202,1.877,0.865,5.3
2025-03-23,02:30,2025,Vancouver Whitecaps,Chicago Fire,Vancouver Whitecaps FC,Chicago Fire FC,1,3,A,0,3,1.91,3.62,3.98,AvgCH,0.4981,0.2628,0.2391,1.757,0.98,5.1
2025-03-23,20:00,2025,Austin FC,San Diego FC,Austin FC,San Diego FC,2,1,H,3,0,1.87,3.68,4.09,AvgCH,0.5088,0.2586,0.2326,1.785,0.956,5.1
2025-03-29,18:30,2025,New England Revolution,New York Red Bulls,New England Revolution,New York Red Bulls,2,1,H,3,0,3.21,3.27,2.32,AvgCH,0.2972,0.2917,0.4111,1.183,1.525,4.8
2025-03-29,18:30,2025,Toronto FC,Vancouver Whitecaps,Toronto FC,Vancouver Whitecaps FC,0,0,D,1,1,2.94,3.47,2.36,AvgCH,0.3233,0.2739,0.4028,1.244,1.482,5.2
2025-03-29,20:30,2025,Colorado Rapids,Charlotte,Colorado Rapids,Charlotte FC,2,0,H,3,0,2.26,3.47,3.12,AvgCH,0.4209,0.2742,0.3049,1.537,1.189,5.1
2025-03-29,23:30,2025,Atlanta Utd,New York City,Atlanta United FC,New York City FC,4,3,H,3,0,1.68,4.02,4.8,AvgCH,0.5656,0.2364,0.198,1.933,0.83,5.2
2025-03-29,23:30,2025,DC United,Columbus Crew,D.C. United,Columbus Crew,1,2,A,0,3,2.48,3.56,2.72,AvgCH,0.3834,0.2671,0.3496,1.417,1.316,5.2
2025-03-29,23:30,2025,Inter Miami,Philadelphia Union,Inter Miami CF,Philadelphia Union,2,1,H,3,0,1.72,4.15,4.37,AvgCH,0.5531,0.2292,0.2177,1.888,0.882,5.1
2025-03-30,00:30,2025,Chicago Fire,CF Montreal,Chicago Fire FC,CF Montréal,1,1,D,1,1,1.68,3.98,4.88,AvgCH,0.5661,0.239,0.1949,1.937,0.824,5.1
2025-03-30,00:30,2025,FC Dallas,Sporting Kansas City,FC Dallas,Sporting Kansas City,2,1,H,3,0,1.86,3.73,4.02,AvgCH,0.5099,0.2542,0.2359,1.784,0.962,5.4
2025-03-30,00:30,2025,Minnesota United,Real Salt Lake,Minnesota United FC,Real Salt Lake,2,0,H,3,0,1.69,3.92,4.92,AvgCH,0.5635,0.2429,0.1936,1.933,0.824,5.0
2025-03-30,00:30,2025,Nashville SC,FC Cincinnati,Nashville SC,FC Cincinnati,1,2,A,0,3,2.26,3.39,3.18,AvgCH,0.4206,0.2804,0.2989,1.542,1.177,5.2
2025-03-30,03:30,2025,Los Angeles Galaxy,Orlando City,LA Galaxy,Orlando City SC,1,2,A,0,3,2.63,3.69,2.51,AvgCH,0.3622,0.2582,0.3796,1.345,1.397,5.0
2025-03-30,03:30,2025,San Diego FC,Los Angeles FC,San Diego FC,LAFC,3,2,H,3,0,2.39,3.49,2.9,AvgCH,0.3986,0.2729,0.3285,1.469,1.258,5.0
2025-03-30,03:30,2025,San Jose Earthquakes,Seattle Sounders,San Jose Earthquakes,Seattle Sounders FC,1,1,D,1,1,3.31,3.3,2.24,AvgCH,0.2873,0.2882,0.4245,1.15,1.562,5.2
2025-03-30,19:15,2025,St. Louis City,Austin FC,St. Louis City SC,Austin FC,0,1,A,0,3,2.42,3.33,2.94,AvgCH,0.3922,0.285,0.3228,1.462,1.253,5.4
2025-03-31,00:00,2025,Portland Timbers,Houston Dynamo,Portland Timbers,Houston Dynamo FC,3,1,H,3,0,2.17,3.62,3.19,AvgCH,0.4387,0.263,0.2984,1.579,1.158,5.1
2025-04-05,19:30,2025,Charlotte,Nashville SC,Charlotte FC,Nashville SC,2,1,H,3,0,2.18,3.37,3.39,AvgCH,0.4367,0.2825,0.2808,1.593,1.125,5.0
2025-04-05,21:30,2025,Real Salt Lake,Los Angeles Galaxy,Real Salt Lake,LA Galaxy,2,0,H,3,0,1.63,4.18,5.03,AvgCH,0.5834,0.2275,0.1891,1.978,0.795,5.2
2025-04-06,00:30,2025,Atlanta Utd,FC Dallas,Atlanta United FC,FC Dallas,1,1,D,1,1,1.69,4.12,4.59,AvgCH,0.5623,0.2307,0.207,1.918,0.852,5.2
2025-04-06,00:30,2025,Columbus Crew,CF Montreal,Columbus Crew,CF Montréal,2,1,H,3,0,1.52,4.37,5.95,AvgCH,0.6237,0.2169,0.1593,2.088,0.695,5.5
2025-04-06,00:30,2025,FC Cincinnati,New England Revolution,FC Cincinnati,New England Revolution,1,0,H,3,0,1.77,3.88,4.39,AvgCH,0.5378,0.2453,0.2168,1.859,0.896,5.0
2025-04-06,00:30,2025,New York Red Bulls,Chicago Fire,New York Red Bulls,Chicago Fire FC,2,1,H,3,0,1.9,3.61,4.05,AvgCH,0.5011,0.2638,0.2351,1.767,0.969,5.0
2025-04-06,00:30,2025,Philadelphia Union,Orlando City,Philadelphia Union,Orlando City SC,0,0,D,1,1,2.2,3.52,3.19,AvgCH,0.432,0.27,0.298,1.566,1.164,5.2
2025-04-06,00:45,2025,Austin FC,Portland Timbers,Austin FC,Portland Timbers,0,0,D,1,1,1.84,3.72,4.19,AvgCH,0.5171,0.2558,0.2271,1.807,0.937,5.1
2025-04-06,01:30,2025,Houston Dynamo,Los Angeles FC,Houston Dynamo FC,LAFC,1,0,H,3,0,2.17,3.53,3.26,AvgCH,0.4385,0.2696,0.2919,1.585,1.145,5.1
2025-04-06,01:30,2025,Sporting Kansas City,St. Louis City,Sporting Kansas City,St. Louis City SC,2,0,H,3,0,2.1,3.57,3.4,AvgCH,0.4533,0.2667,0.28,1.627,1.107,5.0
2025-04-06,02:30,2025,Vancouver Whitecaps,Colorado Rapids,Vancouver Whitecaps FC,Colorado Rapids,2,0,H,3,0,1.68,4.05,4.82,AvgCH,0.5671,0.2352,0.1977,1.937,0.828,5.0
2025-04-06,03:30,2025,San Diego FC,Seattle Sounders,San Diego FC,Seattle Sounders FC,3,0,H,3,0,2.27,3.17,3.4,AvgCH,0.4195,0.3004,0.2801,1.559,1.141,5.0
2025-04-06,20:00,2025,New York City,Minnesota United,New York City FC,Minnesota United FC,1,2,A,0,3,2.23,3.58,3.1,AvgCH,0.4269,0.2659,0.3071,1.547,1.187,5.0
2025-04-06,22:00,2025,San Jose Earthquakes,DC United,San Jose Earthquakes,D.C. United,6,1,H,3,0,2.16,3.74,3.11,AvgCH,0.4401,0.2542,0.3057,1.574,1.171,5.2
2025-04-07,00:00,2025,Inter Miami,Toronto FC,Inter Miami CF,Toronto FC,1,1,D,1,1,1.37,5.16,7.79,AvgCH,0.6938,0.1842,0.122,2.266,0.55,5.2
2025-04-12,19:30,2025,Toronto FC,Minnesota United,Toronto FC,Minnesota United FC,0,0,D,1,1,3.01,3.58,2.27,AvgCH,0.3158,0.2655,0.4187,1.213,1.522,5.2
2025-04-12,19:45,2025,Atlanta Utd,New England Revolution,Atlanta United FC,New England Revolution,0,1,A,0,3,,4.65,5.56,AvgCH,,,,,,
2025-04-12,21:30,2025,Orlando City,New York Red Bulls,Orlando City SC,New York Red Bulls,0,0,D,1,1,1.79,3.75,4.41,AvgCH,0.531,0.2535,0.2155,1.846,0.9,5.2
2025-04-13,00:30,2025,CF Montreal,Charlotte,CF Montréal,Charlotte FC,0,1,A,0,3,2.45,3.27,2.97,AvgCH,0.3885,0.2911,0.3205,1.457,1.253,5.1
2025-04-13,00:30,2025,DC United,FC Cincinnati,D.C. United,FC Cincinnati,0,1,A,0,3,2.29,3.61,2.96,AvgCH,0.4153,0.2634,0.3213,1.509,1.227,5.2
2025-04-13,00:30,2025,New York City,Philadelphia Union,New York City FC,Philadelphia Union,1,0,H,3,0,2.03,3.66,3.52,AvgCH,0.4692,0.2602,0.2706,1.668,1.072,5.0
2025-04-13,00:30,2025,Vancouver Whitecaps,Austin FC,Vancouver Whitecaps FC,Austin FC,5,1,H,3,0,1.91,3.55,4.04,AvgCH,0.4973,0.2676,0.2351,1.76,0.973,5.3
2025-04-13,01:30,2025,FC Dallas,Seattle Sounders,FC Dallas,Seattle Sounders FC,0,1,A,0,3,2.79,3.25,2.59,AvgCH,0.3406,0.2924,0.3669,1.314,1.393,5.2
2025-04-13,01:30,2025,Nashville SC,Real Salt Lake,Nashville SC,Real Salt Lake,2,1,H,3,0,1.81,3.75,4.32,AvgCH,0.5259,0.2538,0.2203,1.832,0.915,5.1
2025-04-13,02:30,2025,Colorado Rapids,San Diego FC,Colorado Rapids,San Diego FC,3,2,H,3,0,2.65,3.59,2.52,AvgCH,0.3585,0.2646,0.3769,1.34,1.395,5.3
2025-04-13,03:30,2025,Los Angeles FC,San Jose Earthquakes,LAFC,San Jose Earthquakes,2,1,H,3,0,1.67,4.19,4.66,AvgCH,0.5692,0.2269,0.204,1.935,0.839,5.2
2025-04-13,03:30,2025,Los Angeles Galaxy,Houston Dynamo,LA Galaxy,Houston Dynamo FC,1,1,D,1,1,2.03,3.62,3.57,AvgCH,0.4696,0.2633,0.267,1.672,1.064,4.9
2025-04-13,19:15,2025,Sporting Kansas City,Portland Timbers,Sporting Kansas City,Portland Timbers,2,4,A,0,3,2.05,3.66,3.42,AvgCH,0.4631,0.2594,0.2776,1.649,1.092,5.3
2025-04-13,21:30,2025,Chicago Fire,Inter Miami,Chicago Fire FC,Inter Miami CF,0,0,D,1,1,3.0,3.71,2.23,AvgCH,0.3171,0.2564,0.4265,1.208,1.536,5.1
2025-04-14,00:00,2025,St. Louis City,Columbus Crew,St. Louis City SC,Columbus Crew,1,2,A,0,3,3.02,3.42,2.34,AvgCH,0.3151,0.2782,0.4067,1.224,1.498,5.1
2025-04-19,18:45,2025,Austin FC,Los Angeles Galaxy,Austin FC,LA Galaxy,1,0,H,3,0,2.03,3.67,3.47,AvgCH,0.4677,0.2587,0.2736,1.662,1.08,5.3
2025-04-19,21:30,2025,Columbus Crew,Inter Miami,Columbus Crew,Inter Miami CF,0,1,A,0,3,2.38,3.7,2.78,AvgCH,0.4001,0.2574,0.3425,1.458,1.285,5.0
2025-04-20,00:30,2025,CF Montreal,Orlando City,CF Montréal,Orlando City SC,0,0,D,1,1,2.87,3.28,2.52,AvgCH,0.3318,0.2903,0.3779,1.286,1.424,5.0
2025-04-20,00:30,2025,Charlotte,San Diego FC,Charlotte FC,San Diego FC,3,0,H,3,0,2.21,3.54,3.17,AvgCH,0.4308,0.2689,0.3003,1.561,1.17,5.0
2025-04-20,00:30,2025,New England Revolution,New York City,New England Revolution,New York City FC,2,0,H,3,0,2.42,3.45,2.87,AvgCH,0.393,0.2757,0.3314,1.455,1.27,5.2
2025-04-20,00:30,2025,New York Red Bulls,DC United,New York Red Bulls,D.C. United,1,2,A,0,3,2.04,3.54,3.62,AvgCH,0.4673,0.2693,0.2634,1.671,1.06,4.9
2025-04-20,00:30,2025,Philadelphia Union,Atlanta Utd,Philadelphia Union,Atlanta United FC,3,0,H,3,0,2.05,3.62,3.49,AvgCH,0.4643,0.2629,0.2727,1.656,1.081,5.1
2025-04-20,00:30,2025,Seattle Sounders,Nashville SC,Seattle Sounders FC,Nashville SC,3,0,H,3,0,1.81,3.55,4.63,AvgCH,0.5261,0.2682,0.2057,1.846,0.885,5.0
2025-04-20,01:30,2025,Chicago Fire,FC Cincinnati,Chicago Fire FC,FC Cincinnati,2,3,A,0,3,2.29,3.42,3.09,AvgCH,0.4148,0.2778,0.3074,1.522,1.2,5.3
2025-04-20,01:30,2025,Houston Dynamo,Colorado Rapids,Houston Dynamo FC,Colorado Rapids,2,2,D,1,1,1.87,3.67,4.09,AvgCH,0.5085,0.2591,0.2325,1.785,0.957,5.2
2025-04-20,01:30,2025,Minnesota United,FC Dallas,Minnesota United FC,FC Dallas,0,0,D,1,1,1.42,4.66,7.53,AvgCH,0.6697,0.2041,0.1263,2.213,0.583,5.2
2025-04-20,01:30,2025,St. Louis City,Vancouver Whitecaps,St. Louis City SC,Vancouver Whitecaps FC,0,0,D,1,1,2.79,3.55,2.43,AvgCH,0.3408,0.2679,0.3913,1.29,1.442,5.2
2025-04-20,02:30,2025,Real Salt Lake,Toronto FC,Real Salt Lake,Toronto FC,0,1,A,0,3,1.78,3.69,4.65,AvgCH,0.5361,0.2586,0.2052,1.867,0.874,4.8
2025-04-20,03:15,2025,Portland Timbers,Los Angeles FC,Portland Timbers,LAFC,3,3,D,1,1,2.55,3.46,2.71,AvgCH,0.3734,0.2752,0.3514,1.395,1.329,5.0
2025-04-20,03:30,2025,San Jose Earthquakes,Sporting Kansas City,San Jose Earthquakes,Sporting Kansas City,3,5,A,0,3,1.93,3.95,3.56,AvgCH,0.4924,0.2406,0.267,1.718,1.042,5.2
2025-04-26,19:30,2025,FC Cincinnati,Sporting Kansas City,FC Cincinnati,Sporting Kansas City,2,1,H,3,0,1.57,4.37,5.24,AvgCH,0.6028,0.2166,0.1806,2.025,0.758,5.7
2025-04-26,19:30,2025,Toronto FC,New York City,Toronto FC,New York City FC,0,1,A,0,3,2.82,3.08,2.69,AvgCH,0.3374,0.3089,0.3537,1.321,1.37,5.1
2025-04-26,21:30,2025,New York Red Bulls,CF Montreal,New York Red Bulls,CF Montréal,1,0,H,3,0,1.76,3.67,4.8,AvgCH,0.5416,0.2598,0.1986,1.885,0.856,4.9
2025-04-26,21:30,2025,Philadelphia Union,DC United,Philadelphia Union,D.C. United,3,0,H,3,0,1.63,4.24,4.95,AvgCH,0.5835,0.2243,0.1922,1.975,0.801,5.1
2025-04-27,00:15,2025,Orlando City,Atlanta Utd,Orlando City SC,Atlanta United FC,3,0,H,3,0,1.85,3.65,4.24,AvgCH,0.5146,0.2608,0.2245,1.805,0.934,5.0
2025-04-27,00:30,2025,Charlotte,New England Revolution,Charlotte FC,New England Revolution,0,1,A,0,3,1.86,3.66,4.17,AvgCH,0.5117,0.26,0.2282,1.795,0.945,5.1
2025-04-27,00:30,2025,Columbus Crew,San Jose Earthquakes,Columbus Crew,San Jose Earthquakes,2,1,H,3,0,1.47,4.93,5.99,AvgCH,0.6478,0.1932,0.159,2.137,0.67,5.0
2025-04-27,00:30,2025,San Diego FC,Real Salt Lake,San Diego FC,Real Salt Lake,1,3,A,0,3,1.68,4.14,4.67,AvgCH,0.5664,0.2298,0.2038,1.929,0.841,5.1
2025-04-27,01:30,2025,Houston Dynamo,Austin FC,Houston Dynamo FC,Austin FC,2,0,H,3,0,2.11,3.41,3.53,AvgCH,0.4512,0.2792,0.2697,1.633,1.088,5.0
2025-04-27,01:30,2025,Nashville SC,Chicago Fire,Nashville SC,Chicago Fire FC,7,2,H,3,0,1.97,3.64,3.72,AvgCH,0.4829,0.2614,0.2557,1.71,1.028,5.1
2025-04-27,02:30,2025,Colorado Rapids,Seattle Sounders,Colorado Rapids,Seattle Sounders FC,1,1,D,1,1,2.78,3.35,2.56,AvgCH,0.343,0.2846,0.3724,1.314,1.402,4.9
2025-04-27,20:00,2025,Minnesota United,Vancouver Whitecaps,Minnesota United FC,Vancouver Whitecaps FC,1,3,A,0,3,1.62,4.04,5.29,AvgCH,0.5857,0.2349,0.1794,1.992,0.773,5.4
2025-04-27,22:00,2025,Inter Miami,FC Dallas,Inter Miami CF,FC Dallas,3,4,A,0,3,2.24,3.3,3.3,AvgCH,0.4242,0.2879,0.2879,1.561,1.152,5.2
2025-04-28,00:00,2025,Los Angeles FC,St. Louis City,LAFC,St. Louis City SC,2,2,D,1,1,1.5,4.47,6.07,AvgCH,0.6318,0.212,0.1561,2.107,0.68,5.5
2025-04-28,02:00,2025,Los Angeles Galaxy,Portland Timbers,LA Galaxy,Portland Timbers,2,4,A,0,3,2.07,3.77,3.32,AvgCH,0.4603,0.2527,0.287,1.634,1.114,5.0
2025-05-03,19:45,2025,Atlanta Utd,Nashville SC,Atlanta United FC,Nashville SC,1,1,D,1,1,2.18,3.51,3.25,AvgCH,0.4363,0.271,0.2927,1.58,1.149,5.1
2025-05-03,21:30,2025,Toronto FC,New England Revolution,Toronto FC,New England Revolution,0,2,A,0,3,2.42,3.25,3.05,AvgCH,0.394,0.2934,0.3126,1.475,1.231,4.9
2025-05-04,00:30,2025,CF Montreal,Philadelphia Union,CF Montréal,Philadelphia Union,1,2,A,0,3,2.79,3.34,2.55,AvgCH,0.3414,0.2851,0.3735,1.309,1.406,5.0
2025-05-04,00:30,2025,Columbus Crew,Charlotte,Columbus Crew,Charlotte FC,4,2,H,3,0,1.67,3.95,5.05,AvgCH,0.5703,0.2411,0.1886,1.952,0.807,5.0
2025-05-04,00:30,2025,DC United,Colorado Rapids,D.C. United,Colorado Rapids,2,1,H,3,0,2.1,3.7,3.28,AvgCH,0.4529,0.2571,0.29,1.616,1.127,5.1
2025-05-04,00:30,2025,Inter Miami,New York Red Bulls,Inter Miami CF,New York Red Bulls,4,1,H,3,0,1.58,4.32,5.19,AvgCH,0.5987,0.219,0.1823,2.015,0.766,5.7
2025-05-04,01:30,2025,Austin FC,Minnesota United,Austin FC,Minnesota United FC,0,3,A,0,3,2.43,3.36,2.91,AvgCH,0.3909,0.2827,0.3264,1.455,1.262,5.3
2025-05-04,01:30,2025,Chicago Fire,Orlando City,Chicago Fire FC,Orlando City SC,0,0,D,1,1,2.82,3.38,2.49,AvgCH,0.3371,0.2812,0.3817,1.292,1.426,5.2
2025-05-04,02:15,2025,San Diego FC,FC Dallas,San Diego FC,FC Dallas,5,0,H,3,0,1.74,3.93,4.45,AvgCH,0.5453,0.2414,0.2132,1.877,0.881,5.4
2025-05-04,02:30,2025,Vancouver Whitecaps,Real Salt Lake,Vancouver Whitecaps FC,Real Salt Lake,2,1,H,3,0,1.73,3.87,4.75,AvgCH,0.5521,0.2468,0.2011,1.903,0.85,4.7
2025-05-04,03:30,2025,Los Angeles FC,Houston Dynamo,LAFC,Houston Dynamo FC,2,0,H,3,0,1.7,3.84,4.94,AvgCH,0.5596,0.2478,0.1926,1.927,0.826,5.1
2025-05-04,03:30,2025,San Jose Earthquakes,Portland Timbers,San Jose Earthquakes,Portland Timbers,4,1,H,3,0,2.32,3.49,3.0,AvgCH,0.4102,0.2727,0.3172,1.503,1.224,5.1
2025-05-04,03:30,2025,Seattle Sounders,St. Louis City,Seattle Sounders FC,St. Louis City SC,4,1,H,3,0,1.53,4.22,6.23,AvgCH,0.6218,0.2255,0.1527,2.091,0.684,5.1
2025-05-04,20:00,2025,New York City,FC Cincinnati,New York City FC,FC Cincinnati,1,0,H,3,0,2.38,3.65,2.8,AvgCH,0.3997,0.2606,0.3397,1.46,1.28,5.1
2025-05-05,00:00,2025,Sporting Kansas City,Los Angeles Galaxy,Sporting Kansas City,LA Galaxy,1,0,H,3,0,2.56,3.66,2.59,AvgCH,0.372,0.2602,0.3677,1.376,1.363,5.0
2025-05-10,19:30,2025,Chicago Fire,Atlanta Utd,Chicago Fire FC,Atlanta United FC,2,1,H,3,0,2.18,3.71,3.09,AvgCH,0.4361,0.2562,0.3077,1.564,1.179,5.2
2025-05-10,21:30,2025,Minnesota United,Inter Miami,Minnesota United FC,Inter Miami CF,4,1,H,3,0,2.39,3.47,2.89,AvgCH,0.3975,0.2738,0.3287,1.466,1.26,5.3
2025-05-10,21:30,2025,Toronto FC,DC United,Toronto FC,D.C. United,2,0,H,3,0,2.39,3.46,2.9,AvgCH,0.3976,0.2747,0.3277,1.468,1.258,5.2
2025-05-11,00:30,2025,FC Cincinnati,Austin FC,FC Cincinnati,Austin FC,2,1,H,3,0,1.66,4.08,4.87,AvgCH,0.5722,0.2328,0.195,1.949,0.818,5.3
2025-05-11,00:30,2025,New York City,CF Montreal,New York City FC,CF Montréal,0,1,A,0,3,1.88,3.73,3.98,AvgCH,0.506,0.255,0.239,1.773,0.972,5.1
2025-05-11,00:30,2025,New York Red Bulls,Los Angeles Galaxy,New York Red Bulls,LA Galaxy,7,0,H,3,0,1.89,3.63,4.07,AvgCH,0.5038,0.2623,0.2339,1.774,0.964,5.0
2025-05-11,00:30,2025,Orlando City,New England Revolution,Orlando City SC,New England Revolution,3,3,D,1,1,1.65,4.08,4.83,AvgCH,0.5727,0.2316,0.1957,1.95,0.819,5.8
2025-05-11,00:30,2025,Philadelphia Union,Columbus Crew,Philadelphia Union,Columbus Crew,2,2,D,1,1,2.69,3.48,2.54,AvgCH,0.3531,0.2729,0.374,1.332,1.395,5.3
2025-05-11,01:30,2025,FC Dallas,Real Salt Lake,FC Dallas,Real Salt Lake,1,1,D,1,1,2.3,3.57,2.98,AvgCH,0.4139,0.2667,0.3194,1.508,1.225,5.0
2025-05-11,01:30,2025,Houston Dynamo,Seattle Sounders,Houston Dynamo FC,Seattle Sounders FC,1,3,A,0,3,3.22,3.21,2.33,AvgCH,0.2954,0.2963,0.4083,1.182,1.521,5.1
2025-05-11,01:30,2025,Nashville SC,Charlotte,Nashville SC,Charlotte FC,2,1,H,3,0,1.81,3.8,4.28,AvgCH,0.5265,0.2508,0.2227,1.83,0.919,4.9
2025-05-11,01:30,2025,St. Louis City,San Diego FC,St. Louis City SC,San Diego FC,1,2,A,0,3,2.96,3.87,2.2,AvgCH,0.3215,0.2459,0.4326,1.21,1.544,5.1
2025-05-11,02:30,2025,Colorado Rapids,San Jose Earthquakes,Colorado Rapids,San Jose Earthquakes,0,2,A,0,3,1.84,4.02,3.88,AvgCH,0.5176,0.2369,0.2455,1.79,0.973,5.0
2025-05-11,03:30,2025,Portland Timbers,Sporting Kansas City,Portland Timbers,Sporting Kansas City,1,0,H,3,0,1.63,4.38,4.79,AvgCH,0.584,0.2173,0.1987,1.969,0.813,5.1
2025-05-12,00:00,2025,Vancouver Whitecaps,Los Angeles FC,Vancouver Whitecaps FC,LAFC,2,2,D,1,1,2.02,3.72,3.5,AvgCH,0.4717,0.2561,0.2722,1.671,1.073,5.0
2025-05-15,00:30,2025,CF Montreal,Columbus Crew,CF Montréal,Columbus Crew,1,1,D,1,1,2.99,3.49,2.34,AvgCH,0.319,0.2733,0.4076,1.23,1.496,4.8
2025-05-15,00:30,2025,DC United,New York City,D.C. United,New York City FC,0,0,D,1,1,2.29,3.64,2.96,AvgCH,0.4162,0.2618,0.322,1.51,1.228,4.9
2025-05-15,00:30,2025,Orlando City,Charlotte,Orlando City SC,Charlotte FC,3,1,H,3,0,1.74,3.96,4.47,AvgCH,0.5468,0.2403,0.2129,1.881,0.879,5.1
2025-05-15,00:30,2025,Philadelphia Union,Los Angeles Galaxy,Philadelphia Union,LA Galaxy,3,2,H,3,0,1.72,3.93,4.72,AvgCH,0.5549,0.2429,0.2022,1.908,0.85,4.8
2025-05-15,00:30,2025,Toronto FC,FC Cincinnati,Toronto FC,FC Cincinnati,0,1,A,0,3,2.66,3.44,2.63,AvgCH,0.3591,0.2777,0.3632,1.355,1.367,4.7
2025-05-15,01:30,2025,Houston Dynamo,Minnesota United,Houston Dynamo FC,Minnesota United FC,2,0,H,3,0,2.04,3.46,3.69,AvgCH,0.4668,0.2752,0.258,1.676,1.049,5.0
2025-05-15,01:30,2025,Nashville SC,New York Red Bulls,Nashville SC,New York Red Bulls,2,1,H,3,0,1.95,3.7,3.75,AvgCH,0.4885,0.2575,0.254,1.723,1.02,5.0
2025-05-15,01:45,2025,St. Louis City,Sporting Kansas City,St. Louis City SC,Sporting Kansas City,2,2,D,1,1,1.97,3.79,3.56,AvgCH,0.4824,0.2507,0.2669,1.698,1.051,5.2
2025-05-15,02:00,2025,Austin FC,Atlanta Utd,Austin FC,Atlanta United FC,1,1,D,1,1,1.97,3.73,3.62,AvgCH,0.4825,0.2549,0.2626,1.702,1.043,5.2
2025-05-15,02:30,2025,Real Salt Lake,Portland Timbers,Real Salt Lake,Portland Timbers,0,0,D,1,1,2.09,3.66,3.35,AvgCH,0.4556,0.2602,0.2842,1.627,1.113,5.0
2025-05-15,03:30,2025,Los Angeles FC,Seattle Sounders,LAFC,Seattle Sounders FC,4,0,H,3,0,1.76,3.68,4.74,AvgCH,0.5407,0.2586,0.2008,1.881,0.861,5.1
2025-05-15,03:30,2025,San Diego FC,Colorado Rapids,San Diego FC,Colorado Rapids,2,0,H,3,0,1.54,4.56,5.49,AvgCH,0.618,0.2087,0.1733,2.063,0.729,5.1
2025-05-15,03:30,2025,San Jose Earthquakes,Inter Miami,San Jose Earthquakes,Inter Miami CF,3,3,D,1,1,2.52,3.84,2.56,AvgCH,0.3787,0.2485,0.3728,1.385,1.367,4.8
2025-05-17,19:30,2025,CF Montreal,Toronto FC,CF Montréal,Toronto FC,1,6,A,0,3,1.8,3.74,4.39,AvgCH,0.5287,0.2545,0.2168,1.841,0.905,5.1
2025-05-17,21:30,2025,New York City,New York Red Bulls,New York City FC,New York Red Bulls,2,0,H,3,0,2.12,3.59,3.35,AvgCH,0.4498,0.2656,0.2846,1.615,1.119,4.9
2025-05-18,00:15,2025,Columbus Crew,FC Cincinnati,Columbus Crew,FC Cincinnati,1,1,D,1,1,1.93,3.76,3.74,AvgCH,0.4928,0.2529,0.2543,1.731,1.016,5.1
2025-05-18,00:30,2025,Atlanta Utd,Philadelphia Union,Atlanta United FC,Philadelphia Union,0,1,A,0,3,2.05,3.72,3.42,AvgCH,0.465,0.2563,0.2787,1.651,1.092,4.9
2025-05-18,00:30,2025,Charlotte,Chicago Fire,Charlotte FC,Chicago Fire FC,1,4,A,0,3,1.97,3.83,3.54,AvgCH,0.4829,0.2484,0.2687,1.697,1.054,5.1
2025-05-18,00:30,2025,New England Revolution,San Jose Earthquakes,New England Revolution,San Jose Earthquakes,0,0,D,1,1,1.6,4.56,4.97,AvgCH,0.5978,0.2098,0.1924,2.003,0.787,4.6
2025-05-18,01:30,2025,Austin FC,Vancouver Whitecaps,Austin FC,Vancouver Whitecaps FC,0,0,D,1,1,2.93,3.44,2.4,AvgCH,0.3255,0.2772,0.3973,1.254,1.469,4.9
2025-05-18,01:30,2025,Minnesota United,St. Louis City,Minnesota United FC,St. Louis City SC,3,0,H,3,0,1.57,4.31,5.51,AvgCH,0.6064,0.2209,0.1728,2.04,0.739,5.0
2025-05-18,01:30,2025,Nashville SC,DC United,Nashville SC,D.C. United,0,0,D,1,1,1.56,4.18,5.83,AvgCH,0.6095,0.2275,0.1631,2.056,0.717,5.2
2025-05-18,02:25,2025,FC Dallas,Houston Dynamo,FC Dallas,Houston Dynamo FC,0,2,A,0,3,2.27,3.21,3.28,AvgCH,0.4168,0.2947,0.2885,1.545,1.16,5.7
2025-05-18,02:30,2025,Colorado Rapids,Real Salt Lake,Colorado Rapids,Real Salt Lake,1,0,H,3,0,2.34,3.5,2.97,AvgCH,0.4071,0.2722,0.3207,1.494,1.234,5.0
2025-05-18,02:30,2025,Portland Timbers,Seattle Sounders,Portland Timbers,Seattle Sounders FC,1,1,D,1,1,2.72,3.6,2.48,AvgCH,0.3506,0.2649,0.3845,1.317,1.418,4.9
2025-05-18,03:30,2025,San Diego FC,Sporting Kansas City,San Diego FC,Sporting Kansas City,0,0,D,1,1,1.45,4.85,6.37,AvgCH,0.6551,0.1958,0.1491,2.161,0.643,5.3
2025-05-19,00:00,2025,Inter Miami,Orlando City,Inter Miami CF,Orlando City SC,0,3,A,0,3,1.77,4.06,4.15,AvgCH,0.5369,0.2341,0.229,1.845,0.921,5.2
2025-05-19,02:00,2025,Los Angeles Galaxy,Los Angeles FC,LA Galaxy,LAFC,2,2,D,1,1,3.6,3.66,1.99,AvgCH,0.2637,0.2593,0.477,1.05,1.69,5.4
2025-05-24,20:00,2025,Seattle Sounders,FC Dallas,Seattle Sounders FC,FC Dallas,1,0,H,3,0,1.39,4.78,8.13,AvgCH,0.6841,0.1989,0.117,2.251,0.55,5.2
2025-05-24,21:45,2025,San Diego FC,Los Angeles Galaxy,San Diego FC,LA Galaxy,2,1,H,3,0,1.75,4.04,4.31,AvgCH,0.5437,0.2355,0.2208,1.867,0.898,5.1
2025-05-25,00:30,2025,CF Montreal,Los Angeles FC,CF Montréal,LAFC,2,2,D,1,1,3.49,3.54,2.08,AvgCH,0.2729,0.2691,0.458,1.088,1.643,5.0
2025-05-25,00:30,2025,Charlotte,Columbus Crew,Charlotte FC,Columbus Crew,3,2,H,3,0,3.1,3.92,2.12,AvgCH,0.3074,0.2431,0.4495,1.165,1.592,4.9
2025-05-25,00:30,2025,DC United,New York Red Bulls,D.C. United,New York Red Bulls,0,2,A,0,3,2.97,3.24,2.48,AvgCH,0.3211,0.2943,0.3845,1.258,1.448,4.9
2025-05-25,00:30,2025,Orlando City,Portland Timbers,Orlando City SC,Portland Timbers,1,0,H,3,0,1.59,4.48,4.99,AvgCH,0.5975,0.2121,0.1904,2.005,0.783,5.3
2025-05-25,00:30,2025,Philadelphia Union,Inter Miami,Philadelphia Union,Inter Miami CF,3,3,D,1,1,2.48,3.8,2.62,AvgCH,0.3847,0.2511,0.3642,1.405,1.344,4.8
2025-05-25,00:30,2025,Toronto FC,Nashville SC,Toronto FC,Nashville SC,1,2,A,0,3,3.11,3.42,2.31,AvgCH,0.3072,0.2793,0.4135,1.201,1.52,4.7
2025-05-25,01:30,2025,Minnesota United,Austin FC,Minnesota United FC,Austin FC,1,1,D,1,1,1.82,3.69,4.37,AvgCH,0.5236,0.2583,0.2181,1.829,0.913,4.9
2025-05-25,01:30,2025,Sporting Kansas City,New England Revolution,Sporting Kansas City,New England Revolution,3,3,D,1,1,2.31,3.57,2.98,AvgCH,0.4128,0.2671,0.32,1.506,1.227,4.9
2025-05-25,02:30,2025,Colorado Rapids,St. Louis City,Colorado Rapids,St. Louis City SC,1,0,H,3,0,1.94,3.9,3.62,AvgCH,0.4918,0.2446,0.2636,1.72,1.035,4.8
2025-05-25,02:30,2025,Real Salt Lake,Vancouver Whitecaps,Real Salt Lake,Vancouver Whitecaps FC,2,3,A,0,3,2.43,3.63,2.77,AvgCH,0.3927,0.2629,0.3445,1.441,1.296,4.8
2025-05-25,03:30,2025,San Jose Earthquakes,Houston Dynamo,San Jose Earthquakes,Houston Dynamo FC,3,3,D,1,1,2.19,3.72,3.09,AvgCH,0.4353,0.2562,0.3085,1.562,1.182,4.9
2025-05-25,20:00,2025,New York City,Chicago Fire,New York City FC,Chicago Fire FC,3,1,H,3,0,2.08,3.74,3.32,AvgCH,0.4582,0.2548,0.287,1.629,1.116,4.9
2025-05-26,00:00,2025,Atlanta Utd,FC Cincinnati,Atlanta United FC,FC Cincinnati,4,2,H,3,0,2.77,3.6,2.45,AvgCH,0.3448,0.2653,0.3899,1.3,1.435,4.7
2025-05-29,00:30,2025,Atlanta Utd,Orlando City,Atlanta United FC,Orlando City SC,3,2,H,3,0,2.89,3.66,2.34,AvgCH,0.3306,0.2611,0.4083,1.253,1.486,4.7
2025-05-29,00:30,2025,DC United,New England Revolution,D.C. United,New England Revolution,1,1,D,1,1,2.6,3.31,2.77,AvgCH,0.3671,0.2883,0.3446,1.39,1.322,4.8
2025-05-29,00:30,2025,FC Cincinnati,FC Dallas,FC Cincinnati,FC Dallas,3,3,D,1,1,1.6,4.27,5.22,AvgCH,0.5948,0.2229,0.1823,2.007,0.77,5.1
2025-05-29,00:30,2025,Inter Miami,CF Montreal,Inter Miami CF,CF Montréal,4,2,H,3,0,1.41,5.37,6.51,AvgCH,0.6761,0.1775,0.1464,2.206,0.617,4.9
2025-05-29,00:30,2025,New York City,Houston Dynamo,New York City FC,Houston Dynamo FC,0,3,A,0,3,1.72,3.73,4.97,AvgCH,0.5533,0.2552,0.1915,1.915,0.83,5.1
2025-05-29,00:30,2025,New York Red Bulls,Charlotte,New York Red Bulls,Charlotte FC,4,2,H,3,0,2.21,3.54,3.2,AvgCH,0.432,0.2697,0.2983,1.566,1.165,4.7
2025-05-29,00:30,2025,Toronto FC,Philadelphia Union,Toronto FC,Philadelphia Union,1,2,A,0,3,3.97,3.7,1.9,AvgCH,0.2402,0.2578,0.502,0.978,1.764,4.8
2025-05-29,01:00,2025,Columbus Crew,Nashville SC,Columbus Crew,Nashville SC,2,2,D,1,1,1.99,3.72,3.59,AvgCH,0.4786,0.256,0.2653,1.692,1.052,5.0
2025-05-29,01:30,2025,Austin FC,Real Salt Lake,Austin FC,Real Salt Lake,1,1,D,1,1,1.84,3.74,4.17,AvgCH,0.5173,0.2545,0.2282,1.806,0.939,5.1
2025-05-29,01:30,2025,Seattle Sounders,San Diego FC,Seattle Sounders FC,San Diego FC,1,0,H,3,0,1.87,3.71,4.04,AvgCH,0.5084,0.2563,0.2353,1.781,0.962,5.2
2025-05-29,03:15,2025,Los Angeles Galaxy,San Jose Earthquakes,LA Galaxy,San Jose Earthquakes,0,1,A,0,3,2.19,3.77,3.0,AvgCH,0.4327,0.2514,0.3159,1.549,1.199,5.5
2025-05-29,03:30,2025,Portland Timbers,Colorado Rapids,Portland Timbers,Colorado Rapids,2,1,H,3,0,1.61,4.3,5.02,AvgCH,0.5899,0.2209,0.1892,1.991,0.788,5.3
2025-05-29,03:30,2025,Vancouver Whitecaps,Minnesota United,Vancouver Whitecaps FC,Minnesota United FC,0,0,D,1,1,2.23,3.46,3.21,AvgCH,0.4275,0.2755,0.297,1.558,1.166,4.9
2025-05-31,19:30,2025,St. Louis City,San Jose Earthquakes,St. Louis City SC,San Jose Earthquakes,2,1,H,3,0,1.76,4.26,4.13,AvgCH,0.5437,0.2246,0.2317,1.856,0.92,4.5
2025-05-31,21:30,2025,Nashville SC,New York City,Nashville SC,New York City FC,2,2,D,1,1,1.94,3.61,3.86,AvgCH,0.4902,0.2634,0.2464,1.734,1.003,5.2
2025-06-01,00:30,2025,CF Montreal,New England Revolution,CF Montréal,New England Revolution,0,3,A,0,3,2.31,3.53,3.06,AvgCH,0.4151,0.2716,0.3133,1.517,1.212,4.3
2025-06-01,00:30,2025,FC Cincinnati,DC United,FC Cincinnati,D.C. United,1,2,A,0,3,1.47,4.51,6.86,AvgCH,0.6493,0.2116,0.1391,2.16,0.629,4.8
2025-06-01,00:30,2025,Inter Miami,Columbus Crew,Inter Miami CF,Columbus Crew,5,1,H,3,0,2.06,4.17,3.08,AvgCH,0.4624,0.2284,0.3092,1.616,1.156,5.0
2025-06-01,00:30,2025,New York Red Bulls,Atlanta Utd,New York Red Bulls,Atlanta United FC,2,0,H,3,0,1.98,3.71,3.63,AvgCH,0.481,0.2567,0.2623,1.7,1.044,5.0
2025-06-01,00:30,2025,Orlando City,Chicago Fire,Orlando City SC,Chicago Fire FC,1,3,A,0,3,1.68,4.21,4.59,AvgCH,0.5666,0.2261,0.2074,1.926,0.848,5.1
2025-06-01,00:30,2025,Toronto FC,Charlotte,Toronto FC,Charlotte FC,0,2,A,0,3,3.24,3.44,2.22,AvgCH,0.294,0.2769,0.4291,1.159,1.564,5.0
2025-06-01,01:30,2025,FC Dallas,Philadelphia Union,FC Dallas,Philadelphia Union,0,0,D,1,1,2.21,3.52,3.18,AvgCH,0.4305,0.2703,0.2992,1.562,1.168,5.1
2025-06-01,01:30,2025,Houston Dynamo,Sporting Kansas City,Houston Dynamo FC,Sporting Kansas City,1,3,A,0,3,1.91,3.74,3.86,AvgCH,0.4986,0.2546,0.2467,1.75,0.995,5.0
2025-06-01,03:30,2025,Los Angeles Galaxy,Real Salt Lake,LA Galaxy,Real Salt Lake,2,0,H,3,0,2.07,3.64,3.49,AvgCH,0.4626,0.2631,0.2744,1.651,1.086,4.4
2025-06-01,03:30,2025,San Diego FC,Austin FC,San Diego FC,Austin FC,2,0,H,3,0,1.58,4.15,5.67,AvgCH,0.6026,0.2294,0.1679,2.037,0.733,5.0
2025-06-01,23:00,2025,Seattle Sounders,Minnesota United,Seattle Sounders FC,Minnesota United FC,2,3,A,0,3,1.96,3.54,3.89,AvgCH,0.486,0.2691,0.2449,1.727,1.004,5.0
2025-06-08,00:30,2025,DC United,Chicago Fire,D.C. United,Chicago Fire FC,1,7,A,0,3,2.57,3.5,2.5,AvgCH,0.362,0.2658,0.3722,1.352,1.382,7.5
2025-06-08,02:30,2025,Colorado Rapids,Austin FC,Colorado Rapids,Austin FC,0,2,A,0,3,2.19,3.35,3.13,AvgCH,0.4249,0.2778,0.2973,1.552,1.17,7.5
2025-06-09,00:00,2025,Portland Timbers,St. Louis City,Portland Timbers,St. Louis City SC,2,1,H,3,0,1.6,4.17,4.79,AvgCH,0.5822,0.2234,0.1945,1.97,0.807,7.4
2025-06-09,02:00,2025,Los Angeles FC,Sporting Kansas City,LAFC,Sporting Kansas City,3,1,H,3,0,1.38,4.92,6.87,AvgCH,0.6751,0.1893,0.1356,2.215,0.596,7.3
2025-06-09,02:00,2025,Vancouver Whitecaps,Seattle Sounders,Vancouver Whitecaps FC,Seattle Sounders FC,3,0,H,3,0,3.16,3.24,2.22,AvgCH,0.2942,0.287,0.4188,1.17,1.543,7.6
2025-06-13,00:30,2025,New York City,Atlanta Utd,New York City FC,Atlanta United FC,4,0,H,3,0,1.92,3.66,3.57,AvgCH,0.4849,0.2544,0.2608,1.709,1.037,7.4
2025-06-14,03:30,2025,Portland Timbers,San Jose Earthquakes,Portland Timbers,San Jose Earthquakes,1,1,D,1,1,2.23,3.77,2.79,AvgCH,0.4183,0.2474,0.3343,1.502,1.25,7.2
2025-06-14,21:30,2025,St. Louis City,Los Angeles Galaxy,St. Louis City SC,LA Galaxy,3,3,D,1,1,2.27,3.57,2.84,AvgCH,0.4107,0.2611,0.3282,1.493,1.246,7.3
2025-06-15,00:30,2025,Columbus Crew,Vancouver Whitecaps,Columbus Crew,Vancouver Whitecaps FC,2,1,H,3,0,2.08,3.59,3.15,AvgCH,0.4465,0.2587,0.2948,1.598,1.143,7.7
2025-06-15,00:30,2025,New England Revolution,FC Cincinnati,New England Revolution,FC Cincinnati,0,1,A,0,3,2.74,3.43,2.39,AvgCH,0.3395,0.2712,0.3892,1.29,1.439,7.5
2025-06-15,00:30,2025,Philadelphia Union,Charlotte,Philadelphia Union,Charlotte FC,2,1,H,3,0,2.14,3.51,3.11,AvgCH,0.4352,0.2653,0.2995,1.571,1.164,7.4
2025-06-15,01:30,2025,Austin FC,New York Red Bulls,Austin FC,New York Red Bulls,2,1,H,3,0,2.3,3.15,3.1,AvgCH,0.4045,0.2954,0.3001,1.509,1.196,7.5
2025-06-15,01:30,2025,Chicago Fire,Nashville SC,Chicago Fire FC,Nashville SC,0,2,A,0,3,2.58,3.4,2.55,AvgCH,0.3609,0.2739,0.3652,1.357,1.37,7.4
2025-06-15,01:30,2025,Houston Dynamo,CF Montreal,Houston Dynamo FC,CF Montréal,1,3,A,0,3,1.75,3.65,4.38,AvgCH,0.5322,0.2552,0.2126,1.852,0.893,7.4
2025-06-15,01:30,2025,Minnesota United,San Diego FC,Minnesota United FC,San Diego FC,2,4,A,0,3,2.19,3.48,3.02,AvgCH,0.4247,0.2673,0.308,1.541,1.191,7.5
2025-06-15,01:30,2025,Sporting Kansas City,FC Dallas,Sporting Kansas City,FC Dallas,2,4,A,0,3,1.98,3.66,3.36,AvgCH,0.4694,0.254,0.2766,1.662,1.084,7.6
2025-06-15,02:30,2025,Colorado Rapids,Orlando City,Colorado Rapids,Orlando City SC,0,1,A,0,3,2.76,3.52,2.35,AvgCH,0.338,0.265,0.397,1.279,1.456,7.2
2025-06-15,02:30,2025,Real Salt Lake,DC United,Real Salt Lake,D.C. United,2,0,H,3,0,1.67,3.88,4.61,AvgCH,0.5578,0.2401,0.2021,1.914,0.846,7.3
2025-06-26,00:30,2025,CF Montreal,FC Cincinnati,CF Montréal,FC Cincinnati,1,3,A,0,3,3.03,3.58,2.12,AvgCH,0.3053,0.2584,0.4363,1.174,1.567,8.1
2025-06-26,00:30,2025,Columbus Crew,Atlanta Utd,Columbus Crew,Atlanta United FC,3,1,H,3,0,1.68,4.19,4.1,AvgCH,0.5523,0.2214,0.2263,1.878,0.9,7.8
2025-06-26,00:30,2025,New England Revolution,Nashville SC,New England Revolution,Nashville SC,2,3,A,0,3,2.81,3.34,2.37,AvgCH,0.3304,0.2779,0.3917,1.269,1.453,7.7
2025-06-26,00:30,2025,Toronto FC,New York Red Bulls,Toronto FC,New York Red Bulls,1,1,D,1,1,3.71,3.34,1.97,AvgCH,0.2504,0.2781,0.4715,1.029,1.693,7.7
2025-06-26,01:30,2025,Chicago Fire,Philadelphia Union,Chicago Fire FC,Philadelphia Union,0,1,A,0,3,1.87,3.94,3.45,AvgCH,0.4959,0.2354,0.2688,1.723,1.042,7.8
2025-06-26,01:30,2025,FC Dallas,San Jose Earthquakes,FC Dallas,San Jose Earthquakes,2,4,A,0,3,2.47,3.6,2.53,AvgCH,0.3756,0.2577,0.3667,1.384,1.358,7.8
2025-06-26,01:30,2025,Minnesota United,Houston Dynamo,Minnesota United FC,Houston Dynamo FC,3,1,H,3,0,1.98,3.54,3.44,AvgCH,0.4684,0.262,0.2696,1.667,1.071,7.8
2025-06-26,01:30,2025,Sporting Kansas City,Charlotte,Sporting Kansas City,Charlotte FC,2,1,H,3,0,2.45,3.58,2.54,AvgCH,0.3775,0.2584,0.3641,1.391,1.351,8.1
2025-06-26,01:30,2025,St. Louis City,Orlando City,St. Louis City SC,Orlando City SC,2,4,A,0,3,2.66,3.65,2.34,AvgCH,0.349,0.2543,0.3967,1.301,1.444,7.7
2025-06-26,02:30,2025,Colorado Rapids,Los Angeles Galaxy,Colorado Rapids,LA Galaxy,2,0,H,3,0,1.96,3.66,3.39,AvgCH,0.4731,0.2534,0.2735,1.673,1.074,7.8
2025-06-26,03:30,2025,Vancouver Whitecaps,San Diego FC,Vancouver Whitecaps FC,San Diego FC,3,5,A,0,3,2.18,3.42,3.03,AvgCH,0.4243,0.2705,0.3053,1.543,1.186,8.1
2025-06-29,00:30,2025,CF Montreal,New York City,CF Montréal,New York City FC,1,0,H,3,0,2.65,3.37,2.5,AvgCH,0.3513,0.2763,0.3724,1.33,1.394,7.4
2025-06-29,00:30,2025,DC United,Nashville SC,D.C. United,Nashville SC,0,1,A,0,3,3.86,3.63,1.86,AvgCH,0.2416,0.2569,0.5014,0.982,1.761,7.2
2025-06-29,00:30,2025,New England Revolution,Colorado Rapids,New England Revolution,Colorado Rapids,3,3,D,1,1,1.83,3.75,3.81,AvgCH,0.508,0.2479,0.244,1.772,0.98,7.6
2025-06-29,00:30,2025,New York Red Bulls,Minnesota United,New York Red Bulls,Minnesota United FC,2,2,D,1,1,2.05,3.42,3.4,AvgCH,0.4541,0.2722,0.2738,1.634,1.094,7.4
2025-06-29,00:30,2025,Orlando City,FC Cincinnati,Orlando City SC,FC Cincinnati,1,2,A,0,3,1.84,3.8,3.76,AvgCH,0.5067,0.2453,0.248,1.765,0.989,7.3
2025-06-29,00:30,2025,Toronto FC,Portland Timbers,Toronto FC,Portland Timbers,3,0,H,3,0,2.81,3.36,2.38,AvgCH,0.3315,0.2772,0.3913,1.272,1.451,7.4
2025-06-29,01:30,2025,Chicago Fire,Charlotte,Chicago Fire FC,Charlotte FC,3,2,H,3,0,2.01,3.88,3.13,AvgCH,0.4629,0.2398,0.2973,1.628,1.132,7.5
2025-06-29,01:30,2025,FC Dallas,San Diego FC,FC Dallas,San Diego FC,2,3,A,0,3,2.97,3.8,2.11,AvgCH,0.3136,0.2451,0.4414,1.186,1.569,7.4
2025-06-29,01:30,2025,Houston Dynamo,St. Louis City,Houston Dynamo FC,St. Louis City SC,1,0,H,3,0,1.68,3.95,4.47,AvgCH,0.5552,0.2361,0.2087,1.902,0.862,7.2
2025-06-29,01:30,2025,Sporting Kansas City,Real Salt Lake,Sporting Kansas City,Real Salt Lake,1,1,D,1,1,2.46,3.47,2.63,AvgCH,0.3782,0.2681,0.3537,1.403,1.329,7.5
2025-06-29,03:30,2025,San Jose Earthquakes,Los Angeles Galaxy,San Jose Earthquakes,LA Galaxy,1,1,D,1,1,1.69,4.19,4.12,AvgCH,0.5514,0.2224,0.2262,1.877,0.901,7.3
2025-06-29,03:30,2025,Seattle Sounders,Austin FC,Seattle Sounders FC,Austin FC,2,0,H,3,0,1.78,3.69,4.19,AvgCH,0.5243,0.2529,0.2227,1.826,0.921,7.1
2025-06-29,23:00,2025,Columbus Crew,Philadelphia Union,Columbus Crew,Philadelphia Union,1,0,H,3,0,1.76,3.91,3.97,AvgCH,0.5281,0.2377,0.2341,1.822,0.94,7.6
2025-06-30,02:30,2025,Los Angeles FC,Vancouver Whitecaps,LAFC,Vancouver Whitecaps FC,0,1,A,0,3,1.77,3.64,4.23,AvgCH,0.525,0.2553,0.2197,1.83,0.914,7.6
2025-07-04,00:30,2025,New York City,Toronto FC,New York City FC,Toronto FC,3,1,H,3,0,1.55,4.18,5.28,AvgCH,0.6008,0.2228,0.1764,2.025,0.752,7.4
2025-07-05,01:45,2025,FC Dallas,Minnesota United,FC Dallas,Minnesota United FC,1,2,A,0,3,2.66,3.55,2.4,AvgCH,0.3499,0.2622,0.3879,1.312,1.426,7.4
2025-07-05,02:30,2025,Colorado Rapids,Sporting Kansas City,Colorado Rapids,Sporting Kansas City,1,2,A,0,3,1.69,4.04,4.24,AvgCH,0.5504,0.2302,0.2194,1.881,0.888,7.5
2025-07-05,03:30,2025,Los Angeles Galaxy,Vancouver Whitecaps,LA Galaxy,Vancouver Whitecaps FC,3,0,H,3,0,2.24,3.48,2.94,AvgCH,0.4157,0.2676,0.3167,1.515,1.218,7.4
2025-07-06,00:15,2025,Charlotte,Orlando City,Charlotte FC,Orlando City SC,2,2,D,1,1,2.96,3.64,2.16,AvgCH,0.3141,0.2554,0.4305,1.198,1.547,7.6
2025-07-06,00:30,2025,CF Montreal,Inter Miami,CF Montréal,Inter Miami CF,1,4,A,0,3,3.47,4.12,1.83,AvgCH,0.2675,0.2253,0.5072,1.028,1.747,7.7
2025-07-06,00:30,2025,DC United,Atlanta Utd,D.C. United,Atlanta United FC,0,0,D,1,1,2.25,3.52,2.89,AvgCH,0.4136,0.2644,0.322,1.505,1.23,7.5
2025-07-06,00:30,2025,FC Cincinnati,Chicago Fire,FC Cincinnati,Chicago Fire FC,2,1,H,3,0,1.85,4.07,3.47,AvgCH,0.5031,0.2287,0.2682,1.738,1.033,7.4
2025-07-06,01:30,2025,Nashville SC,Philadelphia Union,Nashville SC,Philadelphia Union,1,0,H,3,0,1.89,3.59,3.76,AvgCH,0.4928,0.2595,0.2477,1.738,1.003,7.4
2025-07-06,02:30,2025,Real Salt Lake,St. Louis City,Real Salt Lake,St. Louis City SC,3,2,H,3,0,1.59,4.31,4.75,AvgCH,0.587,0.2165,0.1965,1.977,0.806,7.1
2025-07-06,03:30,2025,Portland Timbers,New England Revolution,Portland Timbers,New England Revolution,2,1,H,3,0,2.05,3.74,3.14,AvgCH,0.4543,0.249,0.2966,1.612,1.139,7.4
2025-07-06,03:30,2025,San Diego FC,Houston Dynamo,San Diego FC,Houston Dynamo FC,3,4,A,0,3,1.58,4.15,5.05,AvgCH,0.5905,0.2248,0.1847,1.996,0.779,7.2
2025-07-06,03:30,2025,San Jose Earthquakes,New York Red Bulls,San Jose Earthquakes,New York Red Bulls,1,1,D,1,1,1.84,3.93,3.61,AvgCH,0.5056,0.2367,0.2577,1.754,1.01,7.5
2025-07-06,22:00,2025,Seattle Sounders,Columbus Crew,Seattle Sounders FC,Columbus Crew,1,1,D,1,1,1.9,3.79,3.51,AvgCH,0.4896,0.2454,0.265,1.714,1.04,7.5
2025-07-10,00:30,2025,New England Revolution,Inter Miami,New England Revolution,Inter Miami CF,1,2,A,0,3,3.04,3.96,2.03,AvgCH,0.3063,0.2351,0.4586,1.154,1.611,7.4
2025-07-10,03:25,2025,Los Angeles FC,Colorado Rapids,LAFC,Colorado Rapids,3,0,H,3,0,1.39,4.83,6.87,AvgCH,0.6711,0.1931,0.1358,2.206,0.6,7.2
2025-07-13,00:30,2025,Charlotte,New York City,Charlotte FC,New York City FC,2,0,H,3,0,2.16,3.63,2.96,AvgCH,0.4301,0.256,0.3139,1.546,1.198,7.6
2025-07-13,00:30,2025,FC Cincinnati,Columbus Crew,FC Cincinnati,Columbus Crew,2,4,A,0,3,2.31,3.67,2.71,AvgCH,0.4029,0.2536,0.3435,1.462,1.284,7.4
2025-07-13,00:30,2025,Orlando City,CF Montreal,Orlando City SC,CF Montréal,1,1,D,1,1,1.39,4.86,6.59,AvgCH,0.668,0.1911,0.1409,2.195,0.614,7.7
2025-07-13,00:30,2025,Philadelphia Union,New York Red Bulls,Philadelphia Union,New York Red Bulls,2,0,H,3,0,1.89,3.57,3.79,AvgCH,0.4931,0.261,0.2459,1.74,0.999,7.3
2025-07-13,00:30,2025,Toronto FC,Atlanta Utd,Toronto FC,Atlanta United FC,1,1,D,1,1,2.39,3.48,2.72,AvgCH,0.3898,0.2677,0.3425,1.437,1.295,7.3
2025-07-13,00:45,2025,Inter Miami,Nashville SC,Inter Miami CF,Nashville SC,2,1,H,3,0,1.91,3.88,3.4,AvgCH,0.4868,0.2397,0.2735,1.7,1.06,7.5
2025-07-13,01:30,2025,Austin FC,New England Revolution,Austin FC,New England Revolution,0,0,D,1,1,2.32,3.26,2.97,AvgCH,0.4012,0.2855,0.3134,1.489,1.226,7.4
2025-07-13,01:30,2025,Chicago Fire,San Diego FC,Chicago Fire FC,San Diego FC,1,2,A,0,3,2.46,3.81,2.48,AvgCH,0.3791,0.2448,0.3761,1.382,1.373,7.2
2025-07-13,01:30,2025,Minnesota United,San Jose Earthquakes,Minnesota United FC,San Jose Earthquakes,4,1,H,3,0,1.86,3.85,3.61,AvgCH,0.5004,0.2418,0.2578,1.743,1.015,7.4
2025-07-13,01:30,2025,Sporting Kansas City,Seattle Sounders,Sporting Kansas City,Seattle Sounders FC,2,3,A,0,3,3.44,3.71,1.95,AvgCH,0.2709,0.2512,0.4779,1.064,1.685,7.3
2025-07-13,02:30,2025,Colorado Rapids,Vancouver Whitecaps,Colorado Rapids,Vancouver Whitecaps FC,3,0,H,3,0,2.48,3.47,2.61,AvgCH,0.3753,0.2682,0.3566,1.394,1.338,7.5
2025-07-13,02:30,2025,Real Salt Lake,Houston Dynamo,Real Salt Lake,Houston Dynamo FC,1,0,H,3,0,1.9,3.7,3.62,AvgCH,0.4906,0.2519,0.2575,1.724,1.024,7.3
2025-07-13,03:30,2025,Los Angeles FC,FC Dallas,LAFC,FC Dallas,2,0,H,3,0,1.35,5.06,7.35,AvgCH,0.6894,0.1839,0.1266,2.252,0.564,7.4
2025-07-13,03:30,2025,Los Angeles Galaxy,DC United,LA Galaxy,D.C. United,2,1,H,3,0,1.6,4.05,4.95,AvgCH,0.582,0.2299,0.1881,1.976,0.794,7.4
2025-07-14,00:00,2025,St. Louis City,Portland Timbers,St. Louis City SC,Portland Timbers,2,1,H,3,0,2.05,3.84,3.06,AvgCH,0.4538,0.2422,0.304,1.604,1.154,7.5
2025-07-17,00:30,2025,Atlanta Utd,Chicago Fire,Atlanta United FC,Chicago Fire FC,2,2,D,1,1,2.28,3.85,2.66,AvgCH,0.4083,0.2418,0.3499,1.467,1.292,7.4
2025-07-17,00:30,2025,Charlotte,DC United,Charlotte FC,D.C. United,2,1,H,3,0,1.47,4.48,5.85,AvgCH,0.6331,0.2078,0.1591,2.107,0.685,7.4
2025-07-17,00:30,2025,FC Cincinnati,Inter Miami,FC Cincinnati,Inter Miami CF,3,0,H,3,0,2.64,3.75,2.33,AvgCH,0.3525,0.2481,0.3994,1.306,1.446,7.5
2025-07-17,00:30,2025,New York Red Bulls,New England Revolution,New York Red Bulls,New England Revolution,5,3,H,3,0,1.82,3.68,3.93,AvgCH,0.5108,0.2526,0.2366,1.785,0.962,7.6
2025-07-17,00:30,2025,Philadelphia Union,CF Montreal,Philadelphia Union,CF Montréal,2,1,H,3,0,1.4,4.77,6.68,AvgCH,0.6653,0.1953,0.1394,2.191,0.614,7.4
2025-07-17,01:15,2025,Orlando City,New York City,Orlando City SC,New York City FC,1,2,A,0,3,1.67,3.9,4.56,AvgCH,0.5573,0.2386,0.2041,1.91,0.851,7.5
2025-07-17,01:30,2025,Houston Dynamo,Vancouver Whitecaps,Houston Dynamo FC,Vancouver Whitecaps FC,0,3,A,0,3,1.97,3.52,3.54,AvgCH,0.4726,0.2645,0.263,1.682,1.054,7.4
2025-07-17,01:30,2025,Minnesota United,Los Angeles FC,Minnesota United FC,LAFC,0,1,A,0,3,2.29,3.45,2.87,AvgCH,0.4062,0.2696,0.3241,1.488,1.242,7.5
2025-07-17,01:30,2025,Nashville SC,Columbus Crew,Nashville SC,Columbus Crew,3,0,H,3,0,1.99,3.56,3.44,AvgCH,0.4678,0.2615,0.2706,1.665,1.073,7.4
2025-07-17,03:15,2025,Seattle Sounders,Colorado Rapids,Seattle Sounders FC,Colorado Rapids,3,3,D,1,1,1.64,4.08,4.59,AvgCH,0.5684,0.2285,0.2031,1.934,0.838,7.3
2025-07-17,03:30,2025,Los Angeles Galaxy,Austin FC,LA Galaxy,Austin FC,1,2,A,0,3,1.82,3.78,3.84,AvgCH,0.5114,0.2462,0.2424,1.78,0.973,7.4
2025-07-17,03:30,2025,Portland Timbers,Real Salt Lake,Portland Timbers,Real Salt Lake,0,1,A,0,3,2.24,3.62,2.84,AvgCH,0.4154,0.257,0.3276,1.503,1.24,7.5
2025-07-17,03:30,2025,San Diego FC,Toronto FC,San Diego FC,Toronto FC,0,1,A,0,3,1.4,4.84,6.62,AvgCH,0.6663,0.1927,0.1409,2.192,0.615,7.2
2025-07-17,03:30,2025,San Jose Earthquakes,FC Dallas,San Jose Earthquakes,FC Dallas,2,2,D,1,1,1.53,4.51,4.99,AvgCH,0.6076,0.2061,0.1863,2.029,0.765,7.6
2025-07-20,00:30,2025,Atlanta Utd,Charlotte,Atlanta United FC,Charlotte FC,2,3,A,0,3,2.23,3.64,2.85,AvgCH,0.4175,0.2558,0.3267,1.508,1.236,7.4
2025-07-20,00:30,2025,CF Montreal,Chicago Fire,CF Montréal,Chicago Fire FC,0,2,A,0,3,2.81,3.65,2.27,AvgCH,0.3325,0.256,0.4116,1.254,1.491,7.0
2025-07-20,00:30,2025,Columbus Crew,DC United,Columbus Crew,D.C. United,2,1,H,3,0,1.43,4.68,6.36,AvgCH,0.6534,0.1997,0.1469,2.16,0.64,7.0
2025-07-20,00:30,2025,New England Revolution,Orlando City,New England Revolution,Orlando City SC,1,2,A,0,3,2.89,3.58,2.24,AvgCH,0.3228,0.2606,0.4165,1.229,1.51,7.2
2025-07-20,00:30,2025,New York Red Bulls,Inter Miami,New York Red Bulls,Inter Miami CF,1,5,A,0,3,2.45,3.63,2.58,AvgCH,0.381,0.2572,0.3618,1.4,1.343,7.1
2025-07-20,01:30,2025,FC Dallas,St. Louis City,FC Dallas,St. Louis City SC,3,0,H,3,0,2.21,3.66,2.9,AvgCH,0.4227,0.2552,0.3221,1.523,1.221,7.1
2025-07-20,01:30,2025,Houston Dynamo,Philadelphia Union,Houston Dynamo FC,Philadelphia Union,1,1,D,1,1,2.25,3.33,3.05,AvgCH,0.4144,0.28,0.3057,1.523,1.197,7.3
2025-07-20,01:30,2025,Nashville SC,Toronto FC,Nashville SC,Toronto FC,1,0,H,3,0,1.31,5.09,9.0,AvgCH,0.7128,0.1835,0.1038,2.322,0.495,7.1
2025-07-20,01:30,2025,Seattle Sounders,San Jose Earthquakes,Seattle Sounders FC,San Jose Earthquakes,3,2,H,3,0,1.52,4.55,5.15,AvgCH,0.6138,0.205,0.1812,2.046,0.749,7.2
2025-07-20,01:30,2025,Sporting Kansas City,New York City,Sporting Kansas City,New York City FC,1,1,D,1,1,2.61,3.57,2.44,AvgCH,0.357,0.261,0.3819,1.332,1.407,7.3
2025-07-20,02:30,2025,Real Salt Lake,FC Cincinnati,Real Salt Lake,FC Cincinnati,0,1,A,0,3,1.97,3.51,3.57,AvgCH,0.4732,0.2656,0.2611,1.685,1.049,7.3
2025-07-20,03:30,2025,Los Angeles FC,Los Angeles Galaxy,LAFC,LA Galaxy,3,3,D,1,1,1.64,4.07,4.67,AvgCH,0.5701,0.2297,0.2002,1.94,0.83,7.0
2025-07-20,03:30,2025,Portland Timbers,Minnesota United,Portland Timbers,Minnesota United FC,1,1,D,1,1,3.0,3.47,2.22,AvgCH,0.311,0.2688,0.4202,1.202,1.529,7.2
2025-07-20,03:30,2025,San Diego FC,Vancouver Whitecaps,San Diego FC,Vancouver Whitecaps FC,1,1,D,1,1,1.99,3.62,3.42,AvgCH,0.4691,0.2579,0.273,1.665,1.077,7.1
2025-07-26,00:30,2025,Columbus Crew,Orlando City,Columbus Crew,Orlando City SC,1,3,A,0,3,2.17,3.58,3.01,AvgCH,0.4297,0.2605,0.3098,1.55,1.19,7.2
2025-07-26,00:30,2025,New England Revolution,CF Montreal,New England Revolution,CF Montréal,1,3,A,0,3,1.7,4.07,4.22,AvgCH,0.5493,0.2294,0.2213,1.877,0.893,7.1
2025-07-26,01:30,2025,FC Dallas,New York City,FC Dallas,New York City FC,3,4,A,0,3,2.53,3.38,2.62,AvgCH,0.3684,0.2758,0.3558,1.381,1.343,7.3
2025-07-26,03:30,2025,Los Angeles FC,Portland Timbers,LAFC,Portland Timbers,0,1,A,0,3,1.38,4.76,7.35,AvgCH,0.6767,0.1962,0.1271,2.226,0.578,7.1
2025-07-26,03:30,2025,San Diego FC,Nashville SC,San Diego FC,Nashville SC,1,0,H,3,0,2.32,3.57,2.77,AvgCH,0.402,0.2613,0.3367,1.467,1.271,7.2
2025-07-27,00:15,2025,Inter Miami,FC Cincinnati,Inter Miami CF,FC Cincinnati,0,0,D,1,1,2.22,3.69,2.86,AvgCH,0.4205,0.253,0.3264,1.514,1.232,7.1
2025-07-27,00:30,2025,Atlanta Utd,Seattle Sounders,Atlanta United FC,Seattle Sounders FC,2,2,D,1,1,2.5,3.57,2.55,AvgCH,0.373,0.2612,0.3657,1.38,1.358,7.2
2025-07-27,00:30,2025,Charlotte,Toronto FC,Charlotte FC,Toronto FC,2,0,H,3,0,1.5,4.5,5.51,AvgCH,0.6228,0.2076,0.1696,2.076,0.716,7.0
2025-07-27,00:30,2025,DC United,Austin FC,D.C. United,Austin FC,2,4,A,0,3,2.67,3.27,2.56,AvgCH,0.3497,0.2855,0.3647,1.335,1.38,7.1
2025-07-27,00:30,2025,Philadelphia Union,Colorado Rapids,Philadelphia Union,Colorado Rapids,3,1,H,3,0,1.57,4.29,4.94,AvgCH,0.5939,0.2173,0.1888,1.999,0.784,7.2
2025-07-27,01:30,2025,Chicago Fire,New York Red Bulls,Chicago Fire FC,New York Red Bulls,1,0,H,3,0,1.69,4.12,4.21,AvgCH,0.552,0.2264,0.2216,1.882,0.891,7.2
2025-07-27,01:30,2025,St. Louis City,Minnesota United,St. Louis City SC,Minnesota United FC,1,2,A,0,3,2.48,3.6,2.55,AvgCH,0.3757,0.2588,0.3654,1.386,1.355,7.3
2025-07-27,02:30,2025,Real Salt Lake,San Jose Earthquakes,Real Salt Lake,San Jose Earthquakes,2,1,H,3,0,1.81,4.06,3.66,AvgCH,0.5154,0.2298,0.2549,1.776,0.994,7.2
2025-07-27,03:30,2025,Vancouver Whitecaps,Sporting Kansas City,Vancouver Whitecaps FC,Sporting Kansas City,3,0,H,3,0,1.31,5.48,7.8,AvgCH,0.7107,0.1699,0.1194,2.302,0.528,7.4
2025-08-10,00:30,2025,CF Montreal,Atlanta Utd,CF Montréal,Atlanta United FC,1,1,D,1,1,2.62,3.54,2.44,AvgCH,0.3554,0.263,0.3816,1.329,1.408,7.4
2025-08-10,00:30,2025,New England Revolution,DC United,New England Revolution,D.C. United,2,0,H,3,0,1.56,4.27,5.06,AvgCH,0.5975,0.2183,0.1842,2.011,0.771,7.3
2025-08-10,00:30,2025,Philadelphia Union,Toronto FC,Philadelphia Union,Toronto FC,1,1,D,1,1,1.36,4.88,7.37,AvgCH,0.6834,0.1905,0.1261,2.241,0.569,7.6
2025-08-10,01:30,2025,Austin FC,Houston Dynamo,Austin FC,Houston Dynamo FC,2,2,D,1,1,1.98,3.37,3.67,AvgCH,0.4701,0.2762,0.2536,1.686,1.037,7.4
2025-08-10,01:30,2025,Chicago Fire,Los Angeles FC,Chicago Fire FC,LAFC,2,2,D,1,1,2.32,3.48,2.82,AvgCH,0.4017,0.2678,0.3305,1.473,1.259,7.3
2025-08-10,01:30,2025,FC Dallas,Portland Timbers,FC Dallas,Portland Timbers,2,0,H,3,0,2.06,3.48,3.32,AvgCH,0.452,0.2676,0.2805,1.624,1.109,7.4
2025-08-10,01:30,2025,St. Louis City,Nashville SC,St. Louis City SC,Nashville SC,3,1,H,3,0,3.1,3.63,2.1,AvgCH,0.3003,0.2564,0.4433,1.157,1.586,7.4
2025-08-10,01:45,2025,Sporting Kansas City,San Diego FC,Sporting Kansas City,San Diego FC,0,2,A,0,3,3.34,3.92,1.92,AvgCH,0.2784,0.2372,0.4843,1.072,1.69,7.5
2025-08-10,03:30,2025,San Jose Earthquakes,Vancouver Whitecaps,San Jose Earthquakes,Vancouver Whitecaps FC,2,1,H,3,0,2.58,3.66,2.43,AvgCH,0.3614,0.2548,0.3838,1.339,1.406,7.2
2025-08-10,23:00,2025,FC Cincinnati,Charlotte,FC Cincinnati,Charlotte FC,0,1,A,0,3,1.75,3.84,4.11,AvgCH,0.5315,0.2422,0.2263,1.837,0.921,7.5
2025-08-10,23:00,2025,Minnesota United,Colorado Rapids,Minnesota United FC,Colorado Rapids,1,2,A,0,3,1.5,4.47,5.42,AvgCH,0.6202,0.2081,0.1716,2.069,0.723,7.5
2025-08-10,23:00,2025,New York Red Bulls,Real Salt Lake,New York Red Bulls,Real Salt Lake,2,1,H,3,0,2.19,3.56,2.96,AvgCH,0.4246,0.2612,0.3142,1.535,1.204,7.5
2025-08-11,01:00,2025,Orlando City,Inter Miami,Orlando City SC,Inter Miami CF,4,1,H,3,0,1.95,3.88,3.31,AvgCH,0.4781,0.2403,0.2816,1.675,1.085,7.3
2025-08-11,03:00,2025,Los Angeles Galaxy,Seattle Sounders,LA Galaxy,Seattle Sounders FC,0,4,A,0,3,2.38,3.57,2.68,AvgCH,0.3914,0.261,0.3476,1.435,1.304,7.3
2025-08-17,00:30,2025,CF Montreal,DC United,CF Montréal,D.C. United,1,1,D,1,1,2.02,3.58,3.35,AvgCH,0.4614,0.2604,0.2782,1.645,1.095,7.3
2025-08-17,00:30,2025,Charlotte,Real Salt Lake,Charlotte FC,Real Salt Lake,1,0,H,3,0,1.9,3.68,3.66,AvgCH,0.4913,0.2537,0.255,1.728,1.019,7.1
2025-08-17,00:30,2025,Inter Miami,Los Angeles Galaxy,Inter Miami CF,LA Galaxy,3,1,H,3,0,1.49,4.75,5.24,AvgCH,0.6258,0.1963,0.1779,2.074,0.73,7.3
2025-08-17,00:30,2025,New England Revolution,Los Angeles FC,New England Revolution,LAFC,0,2,A,0,3,3.28,3.64,2.03,AvgCH,0.2843,0.2562,0.4594,1.109,1.634,7.2
2025-08-17,00:30,2025,New York Red Bulls,Philadelphia Union,New York Red Bulls,Philadelphia Union,1,0,H,3,0,2.51,3.41,2.6,AvgCH,0.3702,0.2725,0.3574,1.383,1.345,7.6
2025-08-17,00:30,2025,Orlando City,Sporting Kansas City,Orlando City SC,Sporting Kansas City,3,1,H,3,0,1.4,5.15,6.15,AvgCH,0.6669,0.1813,0.1518,2.182,0.637,7.1
2025-08-17,00:30,2025,Toronto FC,Columbus Crew,Toronto FC,Columbus Crew,1,1,D,1,1,3.76,3.75,1.85,AvgCH,0.2478,0.2485,0.5037,0.992,1.76,7.3
2025-08-17,01:30,2025,Austin FC,FC Dallas,Austin FC,FC Dallas,1,1,D,1,1,1.86,3.73,3.67,AvgCH,0.4986,0.2486,0.2527,1.744,1.007,7.8
2025-08-17,01:30,2025,Chicago Fire,St. Louis City,Chicago Fire FC,St. Louis City SC,3,2,H,3,0,1.59,4.56,4.49,AvgCH,0.5873,0.2048,0.208,1.967,0.829,7.1
2025-08-17,01:30,2025,Minnesota United,Seattle Sounders,Minnesota United FC,Seattle Sounders FC,1,0,H,3,0,2.3,3.48,2.86,AvgCH,0.4057,0.2681,0.3262,1.485,1.247,7.2
2025-08-17,02:30,2025,Colorado Rapids,Atlanta Utd,Colorado Rapids,Atlanta United FC,3,1,H,3,0,2.23,3.76,2.77,AvgCH,0.417,0.2473,0.3357,1.498,1.254,7.5
2025-08-17,03:30,2025,Portland Timbers,FC Cincinnati,Portland Timbers,FC Cincinnati,2,3,A,0,3,2.61,3.36,2.53,AvgCH,0.3561,0.2766,0.3673,1.345,1.378,7.6
2025-08-17,22:00,2025,New York City,Nashville SC,New York City FC,Nashville SC,2,1,H,3,0,2.36,3.54,2.73,AvgCH,0.3951,0.2634,0.3415,1.449,1.288,7.3
2025-08-18,00:00,2025,San Jose Earthquakes,San Diego FC,San Jose Earthquakes,San Diego FC,1,2,A,0,3,2.0,3.92,3.13,AvgCH,0.4653,0.2374,0.2973,1.633,1.129,7.5
2025-08-18,02:00,2025,Vancouver Whitecaps,Houston Dynamo,Vancouver Whitecaps FC,Houston Dynamo FC,1,1,D,1,1,1.66,3.98,4.59,AvgCH,0.5622,0.2345,0.2033,1.921,0.844,7.2
2025-08-24,00:30,2025,CF Montreal,Austin FC,CF Montréal,Austin FC,3,2,H,3,0,2.89,3.44,2.29,AvgCH,0.3224,0.2708,0.4068,1.238,1.491,7.3
2025-08-24,00:30,2025,Columbus Crew,New England Revolution,Columbus Crew,New England Revolution,1,2,A,0,3,1.51,4.6,5.2,AvgCH,0.6178,0.2028,0.1794,2.056,0.741,7.2
2025-08-24,00:30,2025,DC United,Inter Miami,D.C. United,Inter Miami CF,1,1,D,1,1,2.65,3.32,2.51,AvgCH,0.3504,0.2797,0.3699,1.331,1.389,7.7
2025-08-24,00:30,2025,FC Cincinnati,New York City,FC Cincinnati,New York City FC,0,1,A,0,3,2.22,3.65,2.86,AvgCH,0.4194,0.2551,0.3255,1.513,1.232,7.4
2025-08-24,00:30,2025,Philadelphia Union,Chicago Fire,Philadelphia Union,Chicago Fire FC,4,0,H,3,0,1.73,4.06,3.99,AvgCH,0.5377,0.2291,0.2331,1.842,0.928,7.5
2025-08-24,01:30,2025,FC Dallas,Los Angeles FC,FC Dallas,LAFC,1,1,D,1,1,4.16,3.86,1.74,AvgCH,0.2238,0.2412,0.535,0.913,1.846,7.4
2025-08-24,01:30,2025,Houston Dynamo,San Jose Earthquakes,Houston Dynamo FC,San Jose Earthquakes,1,2,A,0,3,2.01,3.78,3.18,AvgCH,0.4621,0.2457,0.2921,1.632,1.122,7.7
2025-08-24,01:30,2025,Nashville SC,Orlando City,Nashville SC,Orlando City SC,5,1,H,3,0,1.7,4.02,4.26,AvgCH,0.5489,0.2321,0.219,1.879,0.889,7.2
2025-08-24,02:30,2025,Real Salt Lake,Minnesota United,Real Salt Lake,Minnesota United FC,1,3,A,0,3,2.28,3.59,2.81,AvgCH,0.4087,0.2596,0.3317,1.486,1.255,7.3
2025-08-24,02:30,2025,Vancouver Whitecaps,St. Louis City,Vancouver Whitecaps FC,St. Louis City SC,3,2,H,3,0,1.43,4.94,5.77,AvgCH,0.6505,0.1883,0.1612,2.14,0.672,7.5
2025-08-24,03:30,2025,Los Angeles Galaxy,Colorado Rapids,LA Galaxy,Colorado Rapids,3,0,H,3,0,2.42,3.75,2.55,AvgCH,0.3855,0.2487,0.3658,1.405,1.346,7.2
2025-08-24,03:30,2025,San Diego FC,Portland Timbers,San Diego FC,Portland Timbers,0,0,D,1,1,1.62,4.22,4.61,AvgCH,0.5763,0.2212,0.2025,1.95,0.829,7.1
2025-08-24,21:00,2025,Atlanta Utd,Toronto FC,Atlanta United FC,Toronto FC,0,0,D,1,1,1.7,3.97,4.27,AvgCH,0.5475,0.2345,0.218,1.877,0.889,7.4
2025-08-25,00:00,2025,Charlotte,New York Red Bulls,Charlotte FC,New York Red Bulls,1,0,H,3,0,1.94,3.69,3.47,AvgCH,0.4797,0.2522,0.2682,1.691,1.057,7.5
2025-08-25,02:15,2025,Seattle Sounders,Sporting Kansas City,Seattle Sounders FC,Sporting Kansas City,5,2,H,3,0,1.51,4.67,5.13,AvgCH,0.6182,0.1999,0.182,2.054,0.746,7.1
2025-08-31,00:30,2025,FC Cincinnati,Philadelphia Union,FC Cincinnati,Philadelphia Union,0,1,A,0,3,2.71,3.63,2.33,AvgCH,0.3437,0.2566,0.3997,1.288,1.456,7.4
2025-08-31,00:30,2025,New England Revolution,Charlotte,New England Revolution,Charlotte FC,1,2,A,0,3,2.05,3.69,3.14,AvgCH,0.4528,0.2516,0.2956,1.61,1.138,7.7
2025-08-31,00:30,2025,New York City,DC United,New York City FC,D.C. United,1,2,A,0,3,1.47,4.54,5.66,AvgCH,0.6315,0.2045,0.164,2.099,0.696,7.7
2025-08-31,00:30,2025,New York Red Bulls,Columbus Crew,New York Red Bulls,Columbus Crew,0,0,D,1,1,2.49,3.57,2.53,AvgCH,0.3729,0.2601,0.367,1.379,1.361,7.7
2025-08-31,00:30,2025,Toronto FC,CF Montreal,Toronto FC,CF Montréal,1,1,D,1,1,1.91,3.69,3.53,AvgCH,0.4857,0.2514,0.2628,1.709,1.04,7.8
2025-08-31,01:30,2025,Austin FC,San Jose Earthquakes,Austin FC,San Jose Earthquakes,3,1,H,3,0,1.99,3.75,3.24,AvgCH,0.4662,0.2474,0.2864,1.646,1.107,7.8
2025-08-31,01:30,2025,Minnesota United,Portland Timbers,Minnesota United FC,Portland Timbers,1,1,D,1,1,1.69,3.96,4.27,AvgCH,0.5487,0.2342,0.2172,1.88,0.886,7.8
2025-08-31,01:30,2025,Nashville SC,Atlanta Utd,Nashville SC,Atlanta United FC,0,1,A,0,3,1.57,4.24,4.89,AvgCH,0.5912,0.2189,0.1898,1.992,0.788,7.7
2025-08-31,01:30,2025,Sporting Kansas City,Colorado Rapids,Sporting Kansas City,Colorado Rapids,4,2,H,3,0,2.29,3.94,2.58,AvgCH,0.4051,0.2354,0.3595,1.451,1.314,7.8
2025-08-31,01:30,2025,St. Louis City,Houston Dynamo,St. Louis City SC,Houston Dynamo FC,2,3,A,0,3,2.11,3.77,2.97,AvgCH,0.4405,0.2465,0.313,1.568,1.186,7.6
2025-09-01,03:45,2025,Los Angeles FC,San Diego FC,LAFC,San Diego FC,1,2,A,0,3,1.76,3.98,3.91,AvgCH,0.5284,0.2337,0.2379,1.819,0.947,7.5
2025-09-07,01:30,2025,Chicago Fire,New England Revolution,Chicago Fire FC,New England Revolution,3,2,H,3,0,1.69,4.15,4.19,AvgCH,0.5523,0.2249,0.2228,1.882,0.893,7.1
2025-09-07,01:30,2025,Houston Dynamo,Los Angeles Galaxy,Houston Dynamo FC,LA Galaxy,1,1,D,1,1,1.65,3.95,4.71,AvgCH,0.5656,0.2363,0.1981,1.933,0.831,7.2
2025-09-07,01:30,2025,St. Louis City,FC Dallas,St. Louis City SC,FC Dallas,1,1,D,1,1,2.0,3.87,3.19,AvgCH,0.4665,0.2411,0.2925,1.641,1.119,7.2
2025-09-08,00:00,2025,Sporting Kansas City,Austin FC,Sporting Kansas City,Austin FC,1,2,A,0,3,2.24,3.59,2.85,AvgCH,0.415,0.2589,0.3261,1.504,1.237,7.6
2025-09-14,00:30,2025,Atlanta Utd,Columbus Crew,Atlanta United FC,Columbus Crew,4,5,A,0,3,3.09,3.8,2.04,AvgCH,0.3005,0.2443,0.4552,1.146,1.61,7.7
2025-09-14,00:30,2025,CF Montreal,St. Louis City,CF Montréal,St. Louis City SC,0,2,A,0,3,2.44,3.79,2.5,AvgCH,0.3817,0.2457,0.3725,1.391,1.363,7.4
2025-09-14,00:30,2025,Charlotte,Inter Miami,Charlotte FC,Inter Miami CF,3,0,H,3,0,2.87,3.74,2.18,AvgCH,0.3243,0.2488,0.4269,1.222,1.529,7.5
2025-09-14,00:30,2025,DC United,Orlando City,D.C. United,Orlando City SC,1,1,D,1,1,3.6,3.7,1.89,AvgCH,0.2579,0.2509,0.4912,1.025,1.724,7.7
2025-09-14,00:30,2025,FC Cincinnati,Nashville SC,FC Cincinnati,Nashville SC,2,1,H,3,0,2.48,3.49,2.6,AvgCH,0.3753,0.2667,0.358,1.393,1.341,7.4
2025-09-14,00:30,2025,New England Revolution,Toronto FC,New England Revolution,Toronto FC,1,1,D,1,1,1.79,3.82,3.89,AvgCH,0.5185,0.2429,0.2386,1.798,0.959,7.8
2025-09-14,01:30,2025,Chicago Fire,New York City,Chicago Fire FC,New York City FC,1,3,A,0,3,2.08,3.7,3.08,AvgCH,0.4469,0.2512,0.3018,1.592,1.157,7.6
2025-09-14,01:30,2025,FC Dallas,Austin FC,FC Dallas,Austin FC,2,0,H,3,0,2.6,3.4,2.51,AvgCH,0.3571,0.2731,0.3699,1.344,1.383,7.7
2025-09-14,01:30,2025,San Jose Earthquakes,Los Angeles FC,San Jose Earthquakes,LAFC,2,4,A,0,3,3.06,3.81,2.06,AvgCH,0.3041,0.2442,0.4517,1.156,1.599,7.5
2025-09-14,01:30,2025,Seattle Sounders,Los Angeles Galaxy,Seattle Sounders FC,LA Galaxy,2,2,D,1,1,1.34,5.25,7.25,AvgCH,0.6944,0.1772,0.1283,2.26,0.562,7.5
2025-09-14,02:30,2025,Colorado Rapids,Houston Dynamo,Colorado Rapids,Houston Dynamo FC,2,1,H,3,0,1.95,3.75,3.38,AvgCH,0.4769,0.248,0.2751,1.679,1.073,7.5
2025-09-14,02:30,2025,Real Salt Lake,Sporting Kansas City,Real Salt Lake,Sporting Kansas City,2,1,H,3,0,1.45,4.79,5.67,AvgCH,0.6417,0.1942,0.1641,2.119,0.686,7.5
2025-09-14,02:35,2025,Vancouver Whitecaps,Philadelphia Union,Vancouver Whitecaps FC,Philadelphia Union,7,0,H,3,0,1.92,3.65,3.57,AvgCH,0.4845,0.2549,0.2606,1.708,1.037,7.5
2025-09-14,03:30,2025,Portland Timbers,New York Red Bulls,Portland Timbers,New York Red Bulls,2,1,H,3,0,2.05,3.61,3.25,AvgCH,0.4548,0.2583,0.2869,1.623,1.119,7.3
2025-09-14,03:30,2025,San Diego FC,Minnesota United,San Diego FC,Minnesota United FC,1,3,A,0,3,1.72,3.95,4.21,AvgCH,0.5423,0.2361,0.2216,1.863,0.901,7.2
2025-09-17,00:30,2025,Inter Miami,Seattle Sounders,Inter Miami CF,Seattle Sounders FC,3,1,H,3,0,1.9,3.83,3.44,AvgCH,0.4882,0.2422,0.2696,1.707,1.051,7.8
2025-09-18,00:30,2025,New York City,Columbus Crew,New York City FC,Columbus Crew,3,2,H,3,0,1.91,3.83,3.45,AvgCH,0.4873,0.243,0.2698,1.705,1.052,7.5
2025-09-18,02:30,2025,Real Salt Lake,Los Angeles FC,Real Salt Lake,LAFC,1,4,A,0,3,3.01,3.62,2.15,AvgCH,0.3095,0.2573,0.4332,1.186,1.557,7.4
2025-09-20,17:00,2025,New York City,Charlotte,New York City FC,Charlotte FC,2,0,H,3,0,1.72,3.87,4.27,AvgCH,0.5413,0.2406,0.2181,1.864,0.895,7.4
2025-09-20,19:30,2025,Philadelphia Union,New England Revolution,Philadelphia Union,New England Revolution,1,0,H,3,0,1.51,4.45,5.34,AvgCH,0.6165,0.2092,0.1743,2.059,0.732,7.4
2025-09-20,21:30,2025,Atlanta Utd,San Diego FC,Atlanta United FC,San Diego FC,1,1,D,1,1,2.46,3.7,2.5,AvgCH,0.3775,0.251,0.3715,1.384,1.366,7.7
2025-09-21,00:30,2025,CF Montreal,New York Red Bulls,CF Montréal,New York Red Bulls,0,2,A,0,3,2.82,3.55,2.28,AvgCH,0.3299,0.2621,0.408,1.252,1.486,7.5
2025-09-21,00:30,2025,Columbus Crew,Toronto FC,Columbus Crew,Toronto FC,1,1,D,1,1,1.43,4.75,6.13,AvgCH,0.6517,0.1962,0.152,2.151,0.652,7.3
2025-09-21,00:30,2025,Inter Miami,DC United,Inter Miami CF,D.C. United,3,2,H,3,0,1.31,5.55,7.74,AvgCH,0.7116,0.168,0.1204,2.303,0.529,7.3
2025-09-21,00:30,2025,Orlando City,Nashville SC,Orlando City SC,Nashville SC,3,2,H,3,0,1.97,3.61,3.43,AvgCH,0.4717,0.2574,0.2709,1.672,1.07,7.6
2025-09-21,01:30,2025,FC Dallas,Colorado Rapids,FC Dallas,Colorado Rapids,3,1,H,3,0,2.08,3.76,3.04,AvgCH,0.4469,0.2472,0.3058,1.588,1.165,7.6
2025-09-21,01:30,2025,Houston Dynamo,Portland Timbers,Houston Dynamo FC,Portland Timbers,1,0,H,3,0,1.93,3.65,3.52,AvgCH,0.4814,0.2546,0.264,1.699,1.047,7.6
2025-09-21,01:30,2025,Minnesota United,Chicago Fire,Minnesota United FC,Chicago Fire FC,0,3,A,0,3,2.46,3.59,2.55,AvgCH,0.3774,0.2586,0.364,1.391,1.351,7.7
2025-09-21,01:30,2025,Sporting Kansas City,Vancouver Whitecaps,Sporting Kansas City,Vancouver Whitecaps FC,0,2,A,0,3,3.94,4.03,1.75,AvgCH,0.2365,0.2312,0.5324,0.941,1.828,7.3
2025-09-21,03:30,2025,Los Angeles Galaxy,FC Cincinnati,LA Galaxy,FC Cincinnati,2,3,A,0,3,2.55,3.76,2.4,AvgCH,0.3649,0.2475,0.3877,1.342,1.411,7.5
2025-09-21,03:30,2025,San Jose Earthquakes,St. Louis City,San Jose Earthquakes,St. Louis City SC,1,3,A,0,3,1.69,4.31,3.95,AvgCH,0.5495,0.2155,0.2351,1.864,0.921,7.7
2025-09-22,00:00,2025,Austin FC,Seattle Sounders,Austin FC,Seattle Sounders FC,2,1,H,3,0,3.01,3.38,2.23,AvgCH,0.3086,0.2748,0.4166,1.201,1.525,7.7
2025-09-22,02:00,2025,Los Angeles FC,Real Salt Lake,LAFC,Real Salt Lake,4,1,H,3,0,1.4,4.83,6.48,AvgCH,0.6641,0.1925,0.1435,2.185,0.623,7.6
2025-09-25,00:30,2025,New York City,Inter Miami,New York City FC,Inter Miami CF,0,4,A,0,3,2.36,3.69,2.63,AvgCH,0.3942,0.2521,0.3537,1.435,1.313,7.5
2025-09-25,03:30,2025,Vancouver Whitecaps,Portland Timbers,Vancouver Whitecaps FC,Portland Timbers,1,1,D,1,1,1.62,4.31,4.38,AvgCH,0.5728,0.2153,0.2119,1.934,0.851,7.8
2025-09-27,21:30,2025,Toronto FC,Inter Miami,Toronto FC,Inter Miami CF,1,1,D,1,1,4.57,4.28,1.61,AvgCH,0.2038,0.2176,0.5785,0.829,1.953,7.4
2025-09-28,00:30,2025,Charlotte,CF Montreal,Charlotte FC,CF Montréal,1,4,A,0,3,1.45,4.7,5.88,AvgCH,0.643,0.1984,0.1586,2.127,0.674,7.2
2025-09-28,00:30,2025,DC United,Philadelphia Union,D.C. United,Philadelphia Union,0,6,A,0,3,3.74,3.75,1.85,AvgCH,0.2488,0.2482,0.503,0.995,1.757,7.5
2025-09-28,00:30,2025,New England Revolution,Atlanta Utd,New England Revolution,Atlanta United FC,2,0,H,3,0,2.37,3.67,2.64,AvgCH,0.3932,0.2539,0.3529,1.434,1.313,7.3
2025-09-28,00:30,2025,New York Red Bulls,New York City,New York Red Bulls,New York City FC,2,3,A,0,3,2.48,3.41,2.64,AvgCH,0.375,0.2727,0.3523,1.398,1.33,7.5
2025-09-28,01:30,2025,Chicago Fire,Columbus Crew,Chicago Fire FC,Columbus Crew,2,0,H,3,0,2.13,3.89,2.86,AvgCH,0.4362,0.2389,0.3249,1.547,1.214,7.6
2025-09-28,01:30,2025,Nashville SC,Houston Dynamo,Nashville SC,Houston Dynamo FC,3,1,H,3,0,1.73,3.82,4.28,AvgCH,0.5385,0.2439,0.2177,1.859,0.897,7.3
2025-09-28,01:30,2025,St. Louis City,Los Angeles FC,St. Louis City SC,LAFC,0,3,A,0,3,3.49,4.16,1.82,AvgCH,0.2662,0.2233,0.5105,1.022,1.755,7.6
2025-09-28,02:30,2025,Colorado Rapids,Minnesota United,Colorado Rapids,Minnesota United FC,1,1,D,1,1,1.94,3.86,3.32,AvgCH,0.4792,0.2408,0.28,1.678,1.081,7.6
2025-09-28,02:30,2025,Real Salt Lake,Austin FC,Real Salt Lake,Austin FC,3,1,H,3,0,1.63,4.1,4.6,AvgCH,0.5708,0.2269,0.2023,1.939,0.834,7.5
2025-09-28,03:30,2025,Los Angeles Galaxy,Sporting Kansas City,LA Galaxy,Sporting Kansas City,4,1,H,3,0,1.67,4.46,3.96,AvgCH,0.5567,0.2085,0.2348,1.879,0.913,7.6
2025-09-28,03:30,2025,Portland Timbers,FC Dallas,Portland Timbers,FC Dallas,2,2,D,1,1,1.76,4.02,3.9,AvgCH,0.5294,0.2318,0.2389,1.82,0.948,7.3
2025-09-28,03:30,2025,San Diego FC,San Jose Earthquakes,San Diego FC,San Jose Earthquakes,0,1,A,0,3,1.68,4.36,4.02,AvgCH,0.5546,0.2137,0.2318,1.878,0.909,7.3
2025-09-28,03:30,2025,Seattle Sounders,Vancouver Whitecaps,Seattle Sounders FC,Vancouver Whitecaps FC,2,2,D,1,1,1.96,3.62,3.45,AvgCH,0.474,0.2567,0.2693,1.679,1.065,7.6
2025-09-29,00:00,2025,FC Cincinnati,Orlando City,FC Cincinnati,Orlando City SC,1,1,D,1,1,2.34,3.79,2.61,AvgCH,0.3978,0.2456,0.3566,1.439,1.315,7.4
2025-10-01,00:30,2025,Inter Miami,Chicago Fire,Inter Miami CF,Chicago Fire FC,3,5,A,0,3,1.55,4.71,4.55,AvgCH,0.5989,0.1971,0.204,1.994,0.809,7.7
2025-10-04,19:30,2025,CF Montreal,Nashville SC,CF Montréal,Nashville SC,1,1,D,1,1,3.05,3.69,2.11,AvgCH,0.3056,0.2526,0.4418,1.169,1.578,7.3
2025-10-04,19:30,2025,DC United,Charlotte,D.C. United,Charlotte FC,0,1,A,0,3,2.38,3.54,2.69,AvgCH,0.3911,0.2629,0.346,1.436,1.301,7.4
2025-10-04,21:30,2025,FC Dallas,Los Angeles Galaxy,FC Dallas,LA Galaxy,2,1,H,3,0,1.54,4.62,4.77,AvgCH,0.6038,0.2013,0.1949,2.013,0.786,7.5
2025-10-05,00:30,2025,Inter Miami,New England Revolution,Inter Miami CF,New England Revolution,4,1,H,3,0,1.3,5.88,7.57,AvgCH,0.718,0.1587,0.1233,2.313,0.529,7.1
2025-10-05,00:30,2025,New York Red Bulls,FC Cincinnati,New York Red Bulls,FC Cincinnati,0,1,A,0,3,2.53,3.65,2.47,AvgCH,0.368,0.2551,0.3769,1.359,1.386,7.4
2025-10-05,00:30,2025,Orlando City,Columbus Crew,Orlando City SC,Columbus Crew,1,1,D,1,1,1.84,3.99,3.56,AvgCH,0.5056,0.2331,0.2613,1.75,1.017,7.5
2025-10-05,00:30,2025,Philadelphia Union,New York City,Philadelphia Union,New York City FC,1,0,H,3,0,1.89,3.74,3.59,AvgCH,0.4922,0.2487,0.2591,1.725,1.026,7.5
2025-10-05,01:30,2025,Austin FC,St. Louis City,Austin FC,St. Louis City SC,1,3,A,0,3,1.89,3.77,3.55,AvgCH,0.4917,0.2465,0.2618,1.722,1.032,7.6
2025-10-05,01:30,2025,Chicago Fire,Toronto FC,Chicago Fire FC,Toronto FC,2,2,D,1,1,1.52,4.26,5.47,AvgCH,0.6117,0.2183,0.17,2.053,0.728,7.5
2025-10-05,01:30,2025,Houston Dynamo,San Diego FC,Houston Dynamo FC,San Diego FC,2,4,A,0,3,2.72,3.58,2.33,AvgCH,0.3416,0.2596,0.3988,1.284,1.456,7.6
2025-10-05,01:30,2025,Minnesota United,Sporting Kansas City,Minnesota United FC,Sporting Kansas City,3,0,H,3,0,1.48,4.75,5.37,AvgCH,0.63,0.1963,0.1736,2.086,0.717,7.2
2025-10-05,02:30,2025,Real Salt Lake,Colorado Rapids,Real Salt Lake,Colorado Rapids,1,0,H,3,0,1.61,4.29,4.56,AvgCH,0.5786,0.2171,0.2043,1.953,0.83,7.4
2025-10-05,03:30,2025,Seattle Sounders,Portland Timbers,Seattle Sounders FC,Portland Timbers,1,0,H,3,0,1.72,3.99,4.15,AvgCH,0.5418,0.2336,0.2246,1.859,0.907,7.3
2025-10-05,23:00,2025,Vancouver Whitecaps,San Jose Earthquakes,Vancouver Whitecaps FC,San Jose Earthquakes,4,1,H,3,0,1.43,4.88,5.97,AvgCH,0.6525,0.1912,0.1563,2.149,0.66,7.2
2025-10-06,02:00,2025,Los Angeles FC,Atlanta Utd,LAFC,Atlanta United FC,1,0,H,3,0,1.31,5.51,7.75,AvgCH,0.7108,0.169,0.1202,2.301,0.53,7.4
2025-10-09,03:30,2025,Los Angeles FC,Toronto FC,LAFC,Toronto FC,2,0,H,3,0,1.45,4.44,6.19,AvgCH,0.6407,0.2092,0.1501,2.131,0.66,7.6
2025-10-12,00:30,2025,Inter Miami,Atlanta Utd,Inter Miami CF,Atlanta United FC,4,0,H,3,0,1.22,6.71,9.25,AvgCH,0.7612,0.1384,0.1004,2.422,0.44,7.7
2025-10-12,00:30,2025,Orlando City,Vancouver Whitecaps,Orlando City SC,Vancouver Whitecaps FC,1,2,A,0,3,2.23,3.68,2.83,AvgCH,0.4177,0.2531,0.3292,1.506,1.241,7.4
2025-10-12,02:30,2025,Seattle Sounders,Real Salt Lake,Seattle Sounders FC,Real Salt Lake,1,0,H,3,0,1.68,4.03,4.3,AvgCH,0.5532,0.2306,0.2161,1.89,0.879,7.6
2025-10-12,03:30,2025,Los Angeles Galaxy,FC Dallas,LA Galaxy,FC Dallas,2,1,H,3,0,2.65,3.91,2.25,AvgCH,0.3502,0.2373,0.4125,1.288,1.475,7.8
2025-10-13,00:00,2025,Austin FC,Los Angeles FC,Austin FC,LAFC,1,0,H,3,0,3.23,3.31,2.16,AvgCH,0.2881,0.2811,0.4308,1.145,1.574,7.5
2025-10-18,23:00,2025,Atlanta Utd,DC United,Atlanta United FC,D.C. United,1,1,D,1,1,1.65,4.22,4.31,AvgCH,0.5638,0.2204,0.2158,1.912,0.868,7.5
2025-10-18,23:00,2025,Charlotte,Philadelphia Union,Charlotte FC,Philadelphia Union,2,0,H,3,0,2.37,3.59,2.65,AvgCH,0.3915,0.2584,0.3501,1.433,1.309,7.8
2025-10-18,23:00,2025,Columbus Crew,New York Red Bulls,Columbus Crew,New York Red Bulls,3,1,H,3,0,1.54,4.2,5.32,AvgCH,0.6038,0.2214,0.1748,2.033,0.746,7.5
2025-10-18,23:00,2025,FC Cincinnati,CF Montreal,FC Cincinnati,CF Montréal,3,0,H,3,0,1.54,4.48,4.95,AvgCH,0.6043,0.2077,0.188,2.021,0.772,7.5
2025-10-18,23:00,2025,Nashville SC,Inter Miami,Nashville SC,Inter Miami CF,2,5,A,0,3,2.48,3.83,2.43,AvgCH,0.3748,0.2427,0.3825,1.367,1.39,7.6
2025-10-18,23:00,2025,New England Revolution,Chicago Fire,New England Revolution,Chicago Fire FC,2,2,D,1,1,3.02,3.79,2.08,AvgCH,0.3078,0.2453,0.4469,1.169,1.586,7.6
2025-10-18,23:00,2025,New York City,Seattle Sounders,New York City FC,Seattle Sounders FC,1,2,A,0,3,1.86,3.72,3.73,AvgCH,0.5003,0.2502,0.2495,1.751,0.999,7.5
2025-10-18,23:00,2025,Toronto FC,Orlando City,Toronto FC,Orlando City SC,4,2,H,3,0,3.08,3.61,2.11,AvgCH,0.3019,0.2575,0.4406,1.163,1.579,7.6
2025-10-19,02:00,2025,Colorado Rapids,Los Angeles FC,Colorado Rapids,LAFC,2,2,D,1,1,3.58,4.17,1.79,AvgCH,0.2592,0.2225,0.5183,1.0,1.777,7.8
2025-10-19,02:00,2025,Los Angeles Galaxy,Minnesota United,LA Galaxy,Minnesota United FC,2,1,H,3,0,2.36,3.69,2.62,AvgCH,0.3936,0.2518,0.3546,1.433,1.316,7.6
2025-10-19,02:00,2025,Portland Timbers,San Diego FC,Portland Timbers,San Diego FC,0,4,A,0,3,2.73,3.66,2.28,AvgCH,0.3398,0.2534,0.4068,1.273,1.474,7.8
2025-10-19,02:00,2025,San Jose Earthquakes,Austin FC,San Jose Earthquakes,Austin FC,2,1,H,3,0,1.69,4.09,4.16,AvgCH,0.5496,0.2271,0.2233,1.876,0.897,7.7
2025-10-19,02:00,2025,Sporting Kansas City,Houston Dynamo,Sporting Kansas City,Houston Dynamo FC,0,0,D,1,1,2.4,3.7,2.56,AvgCH,0.3867,0.2508,0.3625,1.411,1.338,7.8
2025-10-19,02:00,2025,St. Louis City,Real Salt Lake,St. Louis City SC,Real Salt Lake,2,2,D,1,1,2.31,3.86,2.6,AvgCH,0.4021,0.2406,0.3573,1.447,1.312,7.7
2025-10-19,02:00,2025,Vancouver Whitecaps,FC Dallas,Vancouver Whitecaps FC,FC Dallas,1,2,A,0,3,1.3,5.63,8.11,AvgCH,0.7188,0.166,0.1152,2.322,0.512,7.0
2025-10-23,01:30,2025,Chicago Fire,Orlando City,Chicago Fire FC,Orlando City SC,3,1,H,3,0,2.11,3.77,3.0,AvgCH,0.4419,0.2473,0.3108,1.573,1.18,7.3
2025-10-23,03:30,2025,Portland Timbers,Real Salt Lake,Portland Timbers,Real Salt Lake,3,1,H,3,0,2.14,3.53,3.09,AvgCH,0.435,0.2637,0.3013,1.569,1.168,7.4
2025-10-25,01:00,2025,Inter Miami,Nashville SC,Inter Miami CF,Nashville SC,3,1,H,3,0,1.5,4.78,5.03,AvgCH,0.6203,0.1947,0.185,2.056,0.75,7.5
2025-10-26,21:30,2025,Philadelphia Union,Chicago Fire,Philadelphia Union,Chicago Fire FC,2,2,D,1,1,1.86,3.73,3.73,AvgCH,0.5007,0.2497,0.2497,1.752,0.999,7.4
2025-10-26,23:30,2025,Vancouver Whitecaps,FC Dallas,Vancouver Whitecaps FC,FC Dallas,3,0,H,3,0,1.36,5.1,6.92,AvgCH,0.6834,0.1822,0.1343,2.232,0.585,7.6
2025-10-27,01:30,2025,San Diego FC,Portland Timbers,San Diego FC,Portland Timbers,2,1,H,3,0,1.59,4.2,4.79,AvgCH,0.5846,0.2213,0.1941,1.975,0.804,7.6
2025-10-27,22:45,2025,FC Cincinnati,Columbus Crew,FC Cincinnati,Columbus Crew,1,0,H,3,0,2.41,3.68,2.56,AvgCH,0.3852,0.2522,0.3626,1.408,1.34,7.7
2025-10-28,01:00,2025,Minnesota United,Seattle Sounders,Minnesota United FC,Seattle Sounders FC,0,0,D,1,1,3.07,3.27,2.26,AvgCH,0.3033,0.2847,0.412,1.195,1.521,7.4
2025-10-28,22:45,2025,Charlotte,New York City,Charlotte FC,New York City FC,0,1,A,0,3,2.63,3.37,2.5,AvgCH,0.3531,0.2755,0.3714,1.335,1.39,7.7
2025-10-30,02:30,2025,Los Angeles FC,Austin FC,LAFC,Austin FC,2,1,H,3,0,1.34,4.94,8.09,AvgCH,0.6959,0.1888,0.1153,2.276,0.535,7.2
2025-11-01,19:30,2025,New York City,Charlotte,New York City FC,Charlotte FC,0,0,D,1,1,1.73,3.66,4.46,AvgCH,0.5375,0.254,0.2085,1.866,0.88,7.5
2025-11-01,21:30,2025,Chicago Fire,Philadelphia Union,Chicago Fire FC,Philadelphia Union,0,3,A,0,3,2.13,3.6,3.04,AvgCH,0.4362,0.2581,0.3057,1.567,1.175,7.6
2025-11-01,23:30,2025,Nashville SC,Inter Miami,Nashville SC,Inter Miami CF,2,1,H,3,0,2.81,3.88,2.17,AvgCH,0.3312,0.2399,0.4289,1.234,1.527,7.4
2025-11-02,01:30,2025,FC Dallas,Vancouver Whitecaps,FC Dallas,Vancouver Whitecaps FC,1,1,D,1,1,3.65,3.9,1.84,AvgCH,0.2551,0.2388,0.5061,1.004,1.757,7.4
2025-11-02,01:30,2025,Portland Timbers,San Diego FC,Portland Timbers,San Diego FC,2,2,D,1,1,2.91,3.77,2.14,AvgCH,0.3193,0.2465,0.4342,1.204,1.549,7.6
2025-11-02,23:30,2025,Columbus Crew,FC Cincinnati,Columbus Crew,FC Cincinnati,4,0,H,3,0,1.85,3.94,3.56,AvgCH,0.5027,0.236,0.2612,1.744,1.02,7.5
2025-11-03,01:45,2025,Austin FC,Los Angeles FC,Austin FC,LAFC,1,4,A,0,3,3.66,3.51,1.94,AvgCH,0.2545,0.2654,0.4801,1.029,1.706,7.4
2025-11-04,03:45,2025,Seattle Sounders,Minnesota United,Seattle Sounders FC,Minnesota United FC,4,2,H,3,0,1.5,4.31,5.71,AvgCH,0.6208,0.2161,0.1631,2.078,0.705,7.4
2025-11-08,00:00,2025,Charlotte,New York City,Charlotte FC,New York City FC,1,3,A,0,3,2.63,3.19,2.61,AvgCH,0.3531,0.2911,0.3558,1.35,1.359,7.7
2025-11-08,21:00,2025,Minnesota United,Seattle Sounders,Minnesota United FC,Seattle Sounders FC,3,3,D,1,1,3.02,3.31,2.25,AvgCH,0.3073,0.2803,0.4124,1.202,1.518,7.8
2025-11-08,23:00,2025,FC Cincinnati,Columbus Crew,FC Cincinnati,Columbus Crew,2,1,H,3,0,2.58,3.54,2.48,AvgCH,0.3611,0.2632,0.3757,1.346,1.39,7.3
2025-11-09,01:00,2025,Inter Miami,Nashville SC,Inter Miami CF,Nashville SC,4,0,H,3,0,1.54,4.58,4.82,AvgCH,0.604,0.2031,0.193,2.015,0.782,7.5
2025-11-10,02:00,2025,San Diego FC,Portland Timbers,San Diego FC,Portland Timbers,4,0,H,3,0,1.49,4.33,5.73,AvgCH,0.6234,0.2145,0.1621,2.085,0.701,7.7
2025-11-23,02:30,2025,Vancouver Whitecaps,Los Angeles FC,Vancouver Whitecaps FC,LAFC,2,2,D,1,1,2.12,3.6,3.08,AvgCH,0.4391,0.2586,0.3023,1.576,1.166,7.4
2025-11-23,22:00,2025,FC Cincinnati,Inter Miami,FC Cincinnati,Inter Miami CF,0,4,A,0,3,3.07,3.88,2.04,AvgCH,0.3034,0.24,0.4566,1.15,1.61,7.4
2025-11-24,00:45,2025,Philadelphia Union,New York City,Philadelphia Union,New York City FC,0,1,A,0,3,1.74,3.57,4.54,AvgCH,0.5346,0.2605,0.2049,1.864,0.875,7.5
2025-11-25,03:00,2025,San Diego FC,Minnesota United,San Diego FC,Minnesota United FC,1,0,H,3,0,1.61,4.1,4.78,AvgCH,0.5782,0.227,0.1947,1.962,0.811,7.4
2025-11-29,23:00,2025,Inter Miami,New York City,Inter Miami CF,New York City FC,5,1,H,3,0,1.48,4.55,5.49,AvgCH,0.627,0.204,0.169,2.085,0.711,7.8
2025-11-30,02:00,2025,San Diego FC,Vancouver Whitecaps,San Diego FC,Vancouver Whitecaps FC,1,3,A,0,3,2.46,3.49,2.61,AvgCH,0.3777,0.2663,0.356,1.399,1.334,7.6
2025-12-06,19:30,2025,Inter Miami,Vancouver Whitecaps,Inter Miami CF,Vancouver Whitecaps FC,3,1,H,3,0,1.9,3.89,3.43,AvgCH,0.4896,0.2391,0.2712,1.708,1.053,7.5
